ID,N,gap,Length_before,Length_after,Year,cluster,previous,Country
98-134,1973,37,NA,9953,1998,Asian SEA4_A1,Asian SEA4,Philippines
98-206,2509,32,NA,9422,1998,Asian SEA4_A1,Asian SEA4,Philippines
98-285,1375,29,NA,10559,1998,Asian SEA4_A1,Asian SEA4,Philippines
98-286,1087,32,NA,10844,1998,Asian SEA4_A1,Asian SEA4,Philippines
AB154208,0,41,1353,1312,2001,Asian SEA1b_A1,Asian SEA1b,Indonesia
AB154209,0,41,1353,1312,2001,Asian SEA1b_A1,Asian SEA1b,Indonesia
AB154210,0,41,1353,1312,2001,Asian SEA1b_A1,Asian SEA1b,Indonesia
AB154211,0,41,1353,1312,2002,Asian SEA1b_A1,Asian SEA1b,Indonesia
AB154212,0,41,1353,1312,2001,Asian SEA1b_A1,Asian SEA1b,Indonesia
AB154213,0,41,1353,1312,2001,Asian SEA1b_A1,Asian SEA1b,Indonesia
AB154214,0,41,1353,1312,2001,Asian SEA1b_A1,Asian SEA1b,Indonesia
AB154215,0,41,1353,1312,2001,Asian SEA1b_A1,Asian SEA1b,Indonesia
AB154216,0,41,1353,1312,2003,Asian SEA1b_A1,Asian SEA1b,Indonesia
AB154217,0,41,1353,1312,2002,Asian SEA1b_A1,Asian SEA1b,Indonesia
AB154218,0,41,1353,1312,1997,Asian SEA1b_A1,Asian SEA1b,Indonesia
AB154220,0,10636,NA,1312,1997,Asian_A1.1,Asian SEA1b,-
AB154221,0,41,1353,1312,2000,Asian SEA1b_A1,Asian SEA1b,Indonesia
AB154222,0,41,1353,1312,2003,Asian SEA1b_A1,Asian SEA1b,Indonesia
AB154223,0,41,1353,1312,1997,Asian SEA1b_A1,Asian SEA1b,Indonesia
AB154224,0,41,1353,1312,2002,Asian SEA1b_A1,Asian SEA1b,Indonesia
AB154225,0,41,1353,1312,2000,Asian SEA1b_A1,Asian SEA1b,Indonesia
AB154226,0,41,1353,1312,2000,Asian SEA1b_A1,Asian SEA1b,Indonesia
AB154227,0,41,1353,1312,2000,Asian SEA1b_A1,Asian SEA1b,Indonesia
AB154228,0,41,1353,1312,2001,Asian SEA1b_A1,Asian SEA1b,Indonesia
AB154229,0,41,1353,1312,2002,Asian SEA1b_A1,Asian SEA1b,Indonesia
AB154230,0,41,1353,1312,2002,Asian SEA1b_A1,Asian SEA1b,Indonesia
AB154231,0,41,1353,1312,2002,Asian SEA1b_A1,Asian SEA1b,Indonesia
AB154232,0,41,1353,1312,2002,Asian SEA1b_A1,Asian SEA1b,Indonesia
AB154233,0,41,1353,1312,1997,Asian SEA1b_A1,Asian SEA1b,Indonesia
AB154234,0,41,1353,1312,2000,Asian SEA1b_A1,Asian SEA1b,Indonesia
AB154235,0,41,1353,1312,2000,Asian SEA1b_A1,Asian SEA1b,Indonesia
AB154237,0,41,1353,1312,2001,Asian SEA1b_A1,Asian SEA1b,Indonesia
AB154238,0,41,1353,1312,2001,Asian SEA1b_A1,Asian SEA1b,Indonesia
AB154239,0,41,1353,1312,2001,Asian SEA1b_A1,Asian SEA1b,Indonesia
AB154240,0,41,1353,1312,2002,Asian SEA1b_A1,Asian SEA1b,Indonesia
AB154241,0,41,1353,1312,1997,Asian SEA1b_A1,Asian SEA1b,Indonesia
AB154242,0,41,1353,1312,2001,Asian SEA1b_A1,Asian SEA1b,Indonesia
AB154243,0,41,1353,1312,2002,Asian SEA1b_A1,Asian SEA1b,Indonesia
AB178892,0,0,1353,1353,1985,Asian SEA3_A1,Asian SEA3,Thailand
AB178893,0,0,1353,1353,1985,Asian SEA3_A1,Asian SEA3,Thailand
AB178894,0,0,1353,1353,1985,Asian SEA3_A1.1,Asian SEA3,Thailand
AB178895,0,0,1353,1353,1977,Asian SEA3_A1.1,Asian SEA3,Thailand
AB178896,0,0,1353,1353,1963,Asian SEA3_A1,Asian SEA3,Thailand
AB573762,0,0,1353,1353,2006,Asian SEA4_A1,Asian SEA4,Japan
AB573763,0,0,1353,1353,2006,Asian SEA4_A1.1.2,Asian SEA4,Japan
AB981663,0,1,NA,NA,2011,Asian SEA3_A1,Asian SEA3,Lao
AB981664,0,0,NA,NA,2011,Asian SEA3_A1,Asian SEA3,Lao
AB981665,0,0,1353,1353,2011,Asian SEA3_A1,Asian SEA3,Lao
AB981666,0,0,1353,1353,2011,Asian SEA3_A1,Asian SEA3,Lao
AB981667,0,0,1353,1353,2011,Asian SEA3_A1,Asian SEA3,Lao
AB981668,0,0,1353,1353,2011,Asian SEA3_A1,Asian SEA3,Lao
AB981669,0,0,1353,1353,2011,Asian SEA3_A1,Asian SEA3,Lao
AB981670,0,0,1353,1353,2011,Asian SEA3_A1,Asian SEA3,Lao
AB981671,0,0,1353,1353,2012,Asian SEA3_A1,Asian SEA3,Lao
AB981672,0,0,1353,1353,2012,Asian SEA3_A1,Asian SEA3,Lao
AB981673,0,0,1353,1353,2012,Asian SEA3_A1,Asian SEA3,Lao
AB981674,0,0,1353,1353,2012,Asian SEA3_A1,Asian SEA3,Lao
AB981675,0,0,1353,1353,2012,Asian SEA3_A1,Asian SEA3,Lao
AB981676,0,0,1353,1353,2012,Asian SEA3_A1,Asian SEA3,Lao
AB981677,0,0,1353,1353,2012,Asian SEA3_A1.1,Asian SEA3,Lao
AF367863,0,10595,NA,1353,1956,Asian_A1.1,Asian SEA2a,-
AY218996,0,12,1353,1341,2001,Asian SEA3_A1,Asian SEA3,Thailand
AY218997,0,12,1353,1341,2001,Asian SEA3_A1,Asian SEA3,Thailand
AY218998,0,12,1353,1341,2001,Asian SEA3_A1,Asian SEA3,Thailand
AY218999,0,12,1353,1341,2001,Asian SEA3_A1,Asian SEA3,Thailand
AY219000,0,12,1353,1341,2001,Asian SEA3_A1,Asian SEA3,Thailand
AY219001,0,12,1353,1341,2001,Asian SEA3_A1,Asian SEA3,Thailand
AY219002,0,12,1353,1341,2001,Asian SEA3_A1,Asian SEA3,Thailand
DQ267925,0,12,1353,1341,2006,Asian SEA3_A1,Asian SEA3,Thailand
DQ496219,0,0,1353,1353,2006,Asian SEA2a_A1.1.1,Asian SEA2a,China
DQ515993,0,0,1353,1353,2006,Asian SEA1b_A1,Asian SEA1b,China
DQ666287,0,0,1353,1353,2006,Asian SEA1b_A1.1,Asian SEA1b,China
DQ666290,0,0,1353,1353,2006,Asian SEA2a_B1,Asian SEA2a,China
DQ666291,0,0,1353,1353,2004,Asian SEA1b_A1,Asian SEA1b,China
DQ666294,1,0,1353,1352,2004,Asian SEA1b_A1.1,Asian SEA1b,China
DQ666295,0,0,1353,1353,2004,Asian SEA1b_A1.1,Asian SEA1b,China
DQ666296,0,0,1353,1353,2004,Asian SEA1b_A1.1,Asian SEA1b,China
DQ666297,0,0,1353,1353,2004,Asian SEA1b_C1,Asian SEA1b,China
DQ666298,0,0,1353,1353,2004,Asian SEA1b_C1,Asian SEA1b,China
DQ666299,0,0,1353,1353,2004,Asian SEA1b_C1,Asian SEA1b,China
DQ666300,0,0,1353,1353,2004,Asian SEA1b_C1,Asian SEA1b,China
DQ666302,0,0,1353,1353,2004,Asian SEA1b_C1,Asian SEA1b,China
DQ666304,0,0,1353,1353,2004,Asian SEA1b_C1,Asian SEA1b,China
DQ666306,0,0,1353,1353,2004,Asian SEA1b_C1,Asian SEA1b,China
DQ666307,0,0,1353,1353,2004,Asian SEA1b_A1,Asian SEA1b,China
DQ666308,0,0,1353,1353,2004,Asian SEA1b_A1,Asian SEA1b,China
DQ666309,0,0,1353,1353,2004,Asian SEA1b_A1,Asian SEA1b,China
DQ666311,0,0,1353,1353,2004,Asian SEA1b_A1,Asian SEA1b,China
DQ666312,0,0,1353,1353,2004,Asian SEA1b_A1,Asian SEA1b,China
DQ666314,0,0,1353,1353,2004,Asian SEA1b_A1,Asian SEA1b,China
DQ666315,0,0,1353,1353,2004,Asian SEA1b_A1,Asian SEA1b,China
DQ666316,0,0,1353,1353,2004,Asian SEA1b_A1,Asian SEA1b,China
DQ666317,0,0,1353,1353,2004,Asian SEA1b_A1.1.2,Asian SEA1b,China
DQ666318,0,0,1353,1353,2004,Asian SEA1b_A1.1.2,Asian SEA1b,China
DQ666319,0,0,1353,1353,2004,Asian SEA1b_A1.1.2,Asian SEA1b,China
DQ666321,0,0,1353,1353,2004,Asian SEA1b_A1,Asian SEA1b,China
DQ787139,0,10595,NA,1353,2006,Asian_A1.1,Asian SEA2a,-
DQ787140,0,10595,NA,1353,2006,Asian_A1.1,Asian SEA2a,-
DQ787141,0,10595,NA,1353,2006,Asian_A1.1,Asian SEA2a,-
DQ787142,0,10595,NA,1353,2006,Asian_A1.1,Asian SEA2a,-
DQ787143,0,10595,NA,1353,2006,Asian_A1.1,Asian SEA2a,-
DQ787144,0,10595,NA,1353,2006,Asian_A1.1,Asian SEA2a,-
DQ787145,0,10595,NA,1353,2006,Asian_A1.1,Asian SEA2a,-
DQ787146,0,10595,NA,1353,2006,Asian_A1.1,Asian SEA2a,-
DQ866105,0,0,1353,1353,2004,Asian SEA2a_A1.1.1,Asian SEA2a,China
DQ866106,0,0,1353,1353,2003,Asian SEA2a_B1,Asian SEA2a,China
DQ866107,0,0,1353,1353,2003,Asian SEA1b_A1,Asian SEA1b,China
DQ866108,0,0,1353,1353,2003,Asian SEA2a_B1,Asian SEA2a,China
DQ866110,0,0,1353,1353,2004,Asian SEA2a_A1.1.1,Asian SEA2a,China
DQ866111,0,0,1353,1353,2005,Asian SEA3_A1,Asian SEA3,China
DQ866112,0,0,1353,1353,2004,Asian SEA2a_B1,Asian SEA2a,China
DQ866113,0,0,1353,1353,2003,Asian SEA1b_A1,Asian SEA1b,China
DQ866114,0,0,1353,1353,2004,Asian SEA2a_B1,Asian SEA2a,China
DQ866115,0,0,1353,1353,2003,Asian SEA1b_A1.1,Asian SEA1b,China
DQ866116,0,0,1353,1353,2003,Asian SEA2a_A1.1.1,Asian SEA2a,China
DQ866117,0,0,1353,1353,2004,Asian SEA1b_A1,Asian SEA1b,China
DQ866118,0,0,1353,1353,2005,Asian SEA1b_A1,Asian SEA1b,China
DQ866119,0,0,1353,1353,2005,Asian SEA2a_B1,Asian SEA2a,China
DQ866120,0,0,1353,1353,2005,Asian SEA2a_A1.1.1,Asian SEA2a,China
DQ866121,0,0,1353,1353,2005,Asian SEA2a_B1,Asian SEA2a,China
EF556197,0,0,1353,1353,2007,Asian SEA1b_A1.1.1,Asian SEA1b,China
EF564174,0,2,NA,NA,1956,Asian_A1.1,Asian SEA2a,China
EF611081,0,0,1353,1353,2007,Asian SEA1b_A1.1,Asian SEA1b,China
EU008919,0,0,1353,1353,2005,Asian SEA1b_A1.1.2,Asian SEA1b,China
EU008920,0,0,1353,1353,2006,Asian SEA1b_A1.1.2,Asian SEA1b,China
EU008921,0,0,1353,1353,2005,Asian SEA1b_A1.1.2,Asian SEA1b,China
EU008922,0,0,1353,1353,2005,Asian SEA1b_A1.1.2,Asian SEA1b,China
EU008923,0,0,1353,1353,2005,Asian SEA1b_A1.1.2,Asian SEA1b,China
EU086164,0,0,1353,1353,1999,Asian SEA3_A1,Asian SEA3,Myanmar
EU086165,0,0,1353,1353,1999,Asian SEA3_A1,Asian SEA3,Myanmar
EU086166,0,0,1353,1353,1999,Asian SEA3_A1,Asian SEA3,Myanmar
EU086167,0,0,1353,1353,1999,Asian SEA3_A1.1,Asian SEA3,Cambodia
EU086168,0,0,1353,1353,1998,Asian SEA3_A1.1,Asian SEA3,Cambodia
EU086169,0,0,1353,1353,1998,Asian SEA3_A1.1,Asian SEA3,Cambodia
EU086170,0,6,1353,1347,1997,Asian SEA3_A1,Asian SEA3,Cambodia
EU086171,0,0,1353,1353,1999,Asian SEA3_A1.1.1,Asian SEA3,Cambodia
EU086172,0,0,1353,1353,1998,Asian SEA3_A1.1.1,Asian SEA3,Cambodia
EU086173,0,0,1353,1353,1998,Asian SEA1b_A1.1.1,Asian SEA1b,China
EU086174,0,0,1353,1353,1997,Asian SEA1b_A1,Asian SEA1b,China
EU086175,0,0,1353,1353,1997,Asian SEA1b_A1,Asian SEA1b,China
EU086176,0,0,1353,1353,1992,Asian SEA1b_A1.1.1,Asian SEA1b,China
EU086177,0,0,1353,1353,1987,Asian SEA1b_A1,Asian SEA1b,China
EU086178,0,0,1353,1353,1969,Asian SEA1b_A1,Asian SEA1b,China
EU086179,0,0,1353,1353,1989,Asian SEA1b_A1,Asian SEA1b,China
EU086180,0,0,1353,1353,1989,Asian SEA1b_A1,Asian SEA1b,China
EU086181,0,0,1353,1353,1989,Asian SEA1b_A1,Asian SEA1b,China
EU086183,0,0,1353,1353,1994,Asian SEA2a_A1,Asian SEA2a,China
EU086185,0,10595,NA,1353,1992,Asian_A1.1,Asian SEA1a,China
EU086186,0,0,1353,1353,2005,Asian SEA1b_A1.1.1,Asian SEA1b,China
EU086187,0,0,1353,1353,2004,Asian SEA1b_A1.1.1,Asian SEA1b,China
EU086188,0,0,1353,1353,2004,Asian SEA1b_A1,Asian SEA1b,China
EU086189,0,0,1353,1353,2004,Asian SEA1b_C1,Asian SEA1b,China
EU086190,0,0,1353,1353,2005,Asian SEA1b_A1.1.2,Asian SEA1b,China
EU086192,0,0,1353,1353,2003,Asian SEA1b_A1,Asian SEA1b,Indonesia
EU086193,0,0,1353,1353,1999,Asian SEA3_A1,Asian SEA3,Lao
EU086194,0,0,1353,1353,2002,Asian SEA3_A1,Asian SEA3,Lao
EU086195,0,0,1353,1353,2002,Asian SEA3_A1,Asian SEA3,Lao
EU086200,0,0,1353,1353,1994,Asian SEA4_A1.2,Asian SEA4,Philippines
EU086201,0,0,1353,1353,1994,Asian SEA4_A1,Asian SEA4,Philippines
EU086202,0,0,1353,1353,1994,Asian SEA4_A1,Asian SEA4,Philippines
EU086203,0,0,1353,1353,2000,Asian SEA4_A1,Asian SEA4,Philippines
EU086204,0,0,1353,1353,2001,Asian SEA4_A1,Asian SEA4,Philippines
EU086205,0,0,1353,1353,2004,Asian SEA4_A1.2,Asian SEA4,Philippines
EU086206,0,0,1353,1353,1983,Asian SEA3_A1.1,Asian SEA3,Thailand
EU086207,0,0,1353,1353,1983,Asian SEA3_A1.1,Asian SEA3,Thailand
EU086208,0,0,1353,1353,1983,Asian SEA3_A1,Asian SEA3,Thailand
EU086209,0,0,1353,1353,2001,Asian SEA3_A1.1,Asian SEA3,Vietnam
EU086210,0,0,1353,1353,2001,Asian SEA3_A1.1,Asian SEA3,Vietnam
EU095330,0,0,1353,1353,2006,Asian SEA1b_A1.1.1,Asian SEA1b,China
EU159362,0,0,1353,1353,2004,Asian SEA1b_C1,Asian SEA1b,China
EU159363,0,0,1353,1353,2004,Asian SEA1b_C1,Asian SEA1b,China
EU159364,0,0,1353,1353,2004,Asian SEA1b_C1,Asian SEA1b,China
EU159365,0,0,1353,1353,2004,Asian SEA1b_C1,Asian SEA1b,China
EU159366,0,0,1353,1353,2004,Asian SEA1b_C1,Asian SEA1b,China
EU159367,0,0,1353,1353,2004,Asian SEA1b_C1,Asian SEA1b,China
EU159368,0,0,1353,1353,2004,Asian SEA1b_C1,Asian SEA1b,China
EU159369,0,0,1353,1353,2004,Asian SEA1b_C1,Asian SEA1b,China
EU159370,0,0,1353,1353,2004,Asian SEA1b_C1,Asian SEA1b,China
EU159371,0,0,1353,1353,2004,Asian SEA1b_C1,Asian SEA1b,China
EU159372,0,0,1353,1353,2005,Asian SEA1b_C1,Asian SEA1b,China
EU159373,0,0,1353,1353,2005,Asian SEA1b_C1,Asian SEA1b,China
EU159374,0,0,1353,1353,2005,Asian SEA1b_C1,Asian SEA1b,China
EU159375,0,0,1353,1353,2005,Asian SEA1b_C1,Asian SEA1b,China
EU159376,0,0,1353,1353,2005,Asian SEA1b_C1,Asian SEA1b,China
EU159377,0,0,1353,1353,2006,Asian SEA1b_A1.1,Asian SEA1b,China
EU159380,0,0,1353,1353,2005,Asian SEA1b_A1.1,Asian SEA1b,China
EU159381,0,0,1353,1353,2005,Asian SEA1b_A1.1.1,Asian SEA1b,China
EU159382,0,0,1353,1353,2005,Asian SEA1b_A1.1,Asian SEA1b,China
EU159383,0,0,1353,1353,2005,Asian SEA1b_A1.1.1,Asian SEA1b,China
EU159384,0,0,1353,1353,2005,Asian SEA1b_A1.1,Asian SEA1b,China
EU159385,0,0,1353,1353,1997,Asian SEA1b_A1,Asian SEA1b,China
EU159387,0,10595,NA,1353,1985,Asian_A1.1,Asian SEA1a,China
EU159388,0,10595,NA,1353,1992,Asian_A1.1,Asian SEA1a,China
EU159389,0,0,1353,1353,2004,Asian SEA1b_A1.1.2,Asian SEA1b,China
EU159390,0,0,1353,1353,1998,Asian SEA1b_A1,Asian SEA1b,China
EU159391,0,0,1353,1353,1969,Asian SEA1b_A1,Asian SEA1b,China
EU159392,0,0,1353,1353,1992,Asian SEA1b_A1,Asian SEA1b,China
EU159393,0,0,1353,1353,1992,Asian SEA1b_A1.1.1,Asian SEA1b,China
EU159394,0,0,1353,1353,2006,Asian SEA1b_A1.1.1,Asian SEA1b,China
EU159395,0,0,1353,1353,2006,Asian SEA1b_A1.1,Asian SEA1b,China
EU159396,0,0,1353,1353,1989,Asian SEA1b_A1,Asian SEA1b,China
EU159397,0,0,1353,1353,2006,Asian SEA1b_A1.1.1,Asian SEA1b,China
EU159398,0,0,1353,1353,1986,Asian SEA2a_A1,Asian SEA2a,China
EU159399,0,0,1353,1353,1994,Asian SEA1b_A1,Asian SEA1b,China
EU159400,0,0,1353,1353,1989,Asian SEA1b_A1,Asian SEA1b,China
EU159401,0,0,1353,1353,1989,Asian SEA1b_A1,Asian SEA1b,China
EU267777,0,0,1353,1353,2007,Asian SEA1b_A1.1.1,Asian SEA1b,China
EU275243,0,0,1353,1353,2006,Asian SEA3_A1,Asian SEA3,China
EU275244,0,0,1353,1353,2007,Asian SEA1b_C1,Asian SEA1b,China
EU275245,0,0,1353,1353,2007,Asian SEA1b_A1.1,Asian SEA1b,China
EU293111,0,0,NA,NA,1983,Asian SEA3_A1,Asian SEA3,Thailand
EU293121,0,2,NA,NA,1983,Asian SEA3_A1.1,Asian SEA3,-
EU549783,0,123,NA,NA,2006,Asian SEA1b_B1,Asian SEA1b,China
EU643590,0,3,NA,NA,2006,Asian_A1.1.1,Asian SEA2a,China
EU700031,0,0,1353,1353,2007,Asian SEA1b_B1,Asian SEA1b,China
EU700032,0,0,1353,1353,2008,Asian SEA1b_A1.1.1,Asian SEA1b,China
EU828651,0,0,1353,1353,2007,Asian SEA1b_A1.1.1,Asian SEA1b,China
EU828653,0,0,1353,1353,2007,Asian SEA2a_A1.1.1,Asian SEA2a,China
EU828655,0,0,1353,1353,2007,Asian SEA1b_A1.1.1,Asian SEA1b,China
EU828657,0,0,1353,1353,2007,Asian SEA1b_A1.1.1,Asian SEA1b,China
FJ561726,0,0,1353,1353,2008,Asian SEA2a_A1.1.1,Asian SEA2a,China
FJ561727,0,0,1353,1353,2008,Asian SEA2a_A1.1.1,Asian SEA2a,China
FJ561728,0,0,1353,1353,2008,Asian SEA2a_A1.1.1,Asian SEA2a,China
FJ594278,0,0,1353,1353,1997,Asian SEA3_A1,Asian SEA3,China
FJ712193,0,123,NA,NA,2008,Asian SEA1b_A1.1.1,Asian SEA1b,China
FJ712194,0,123,NA,NA,2008,Asian SEA1b_A1.1.1,Asian SEA1b,China
FJ712195,0,2,NA,NA,2008,Asian_A1.1.1,Asian SEA2b,China
FJ712196,0,2,NA,NA,2008,Asian_A1.1.1,Asian SEA2b,China
FJ719751,0,0,1353,1353,2008,Asian SEA2b_A1.1,Asian SEA2b,China
FJ719753,0,0,1353,1353,2008,Asian SEA2b_A1,Asian SEA2b,China
FJ719760,0,0,1353,1353,2008,Asian SEA1b_A1.1.1,Asian SEA1b,China
FJ866827,0,0,1353,1353,2008,Asian SEA1b_A1.1.1,Asian SEA1b,China
FJ866828,0,0,1353,1353,2008,Asian SEA1b_A1.1.1,Asian SEA1b,China
FJ866829,0,0,1353,1353,2007,Asian SEA2a_A1.1.1,Asian SEA2a,China
FJ866830,0,0,1353,1353,2007,Asian SEA2a_A1.1.1,Asian SEA2a,China
FJ866831,0,0,1353,1353,2007,Asian SEA2a_A1.1.1,Asian SEA2a,China
FJ866835,0,123,NA,NA,2008,Asian SEA1b_B1,Asian SEA1b,China
FJ866836,0,123,NA,NA,2008,Asian SEA1b_B1,Asian SEA1b,China
FJ959397,0,2,NA,NA,1956,Asian_A1.1,Asian SEA2a,China
GQ303555,0,0,1353,1353,2009,Asian SEA3_A1.1,Asian SEA3,Thailand
GQ303556,0,0,1353,1353,2009,Asian SEA3_A1.1,Asian SEA3,Thailand
GQ472468,0,0,1353,1353,2007,Asian SEA2a_B1,Asian SEA2a,China
GQ472469,0,0,1353,1353,2007,Asian SEA1b_A1,Asian SEA1b,China
GQ472471,0,0,1353,1353,2007,Asian SEA1b_A1.1,Asian SEA1b,China
GQ472472,0,0,1353,1353,2007,Asian SEA1b_A1,Asian SEA1b,China
GQ472473,0,0,1353,1353,2007,Asian SEA2a_B1,Asian SEA2a,China
GQ472474,0,0,1353,1353,2007,Asian SEA1b_A1.1,Asian SEA1b,China
GQ472475,0,0,1353,1353,2005,Asian SEA1b_A1,Asian SEA1b,China
GQ472476,0,0,1353,1353,2006,Asian SEA1b_A1,Asian SEA1b,China
GQ472477,0,0,1353,1353,2006,Asian SEA2a_B1,Asian SEA2a,China
GQ472478,0,0,1353,1353,2007,Asian SEA1b_A1,Asian SEA1b,China
GU233765,0,0,1353,1353,2009,Asian SEA1b_A1.1.2,Asian SEA1b,China
GU345746,0,46,NA,11902,1992,Asian_A1.1,Asian SEA1a,China
GU345747,0,45,NA,11903,1986,Asian_A1.1,Asian SEA1a,China
GU345748,0,123,NA,NA,2006,Asian SEA1b_A1.1.1,Asian SEA1b,China
GU358653,0,2,NA,NA,1994,Asian_A1.1.1,Asian SEA2a,China
GU591790,0,0,1353,1353,2009,Asian SEA1b_A1.1,Asian SEA1b,China
GU591792,0,0,1353,1353,2009,Asian SEA1b_A1.1,Asian SEA1b,China
GU647092,0,2,NA,NA,2008,Asian_A1.1.1,Asian SEA2b,China
GU992307,0,0,1353,1353,1983,Asian SEA3_A1.1,Asian SEA3,Thailand
GU994209,0,0,1353,1353,2009,Asian SEA1b_A1.1.1,Asian SEA1b,China
HM486348,0,0,1353,1353,2006,Asian SEA1b_A1.1.1,Asian SEA1b,China
HM486349,0,0,1353,1353,2006,Asian SEA1b_A1.1.1,Asian SEA1b,China
HM486350,0,0,1353,1353,2006,Asian SEA1b_A1.1.1,Asian SEA1b,China
HM486351,0,0,1353,1353,2006,Asian SEA1b_A1.1.1,Asian SEA1b,China
HM486352,0,0,1353,1353,2006,Asian SEA1b_A1.1.1,Asian SEA1b,China
HM486353,0,0,1353,1353,2005,Asian SEA1b_A1.1.1,Asian SEA1b,China
HM486354,0,0,1353,1353,2006,Asian SEA1b_A1.1.1,Asian SEA1b,China
HM486355,0,10595,NA,1353,2004,Asian_A1.1,Asian SEA2a,China
HM486356,0,10595,NA,1353,2004,Asian_A1.1,Asian SEA2a,China
HM486357,0,10595,NA,1353,2012,Asian_A1.1,Asian SEA2a,China
HM486358,0,10595,NA,1353,2003,Asian_A1.1,Asian SEA2a,China
HM486359,0,10595,NA,1353,2003,Asian_A1.1,Asian SEA2a,China
HM486360,0,0,1353,1353,2005,Asian SEA1b_A1.1.1,Asian SEA1b,China
HM486361,0,10595,NA,1353,2005,Asian_A1.1,Asian SEA2a,China
HM486362,0,10595,NA,1353,2005,Asian_A1.1,Asian SEA2a,China
HM486363,0,0,1353,1353,2006,Asian SEA1b_A1.1.1,Asian SEA1b,China
HM486364,0,10595,NA,1353,2006,Asian_A1.1,Asian SEA2a,China
HM486365,0,10595,NA,1353,2006,Asian_A1.1,Asian SEA2a,China
HM486366,0,10595,NA,1353,2005,Asian_A1.1,Asian SEA2a,China
HM486367,0,10595,NA,1353,2005,Asian_A1.1,Asian SEA2a,China
HM486368,0,0,1353,1353,2005,Asian SEA2a_B1,Asian SEA2a,China
HM486369,0,10595,NA,1353,2006,Asian_A1.1,Asian SEA2a,China
HM486370,0,10595,NA,1353,2005,Asian_A1.1,Asian SEA2a,China
HM486371,0,10595,NA,1353,2005,Asian_A1.1,Asian SEA2a,China
HM486372,0,10595,NA,1353,2006,Asian_A1.1,Asian SEA2a,China
HM486373,0,10595,NA,1353,2008,Asian_A1.1,Asian SEA2a,China
HM486374,0,10595,NA,1353,2008,Asian_A1.1,Asian SEA2a,China
HM486375,0,10595,NA,1353,2008,Asian_A1.1,Asian SEA2a,China
HM486376,0,0,1353,1353,2008,Asian SEA1b_A1.1.1,Asian SEA1b,China
HM486377,0,0,1353,1353,2008,Asian SEA1b_A1.1.1,Asian SEA1b,China
HM486378,0,0,1353,1353,2007,Asian SEA1b_A1.1.1,Asian SEA1b,China
HM486379,0,10595,NA,1353,2007,Asian_A1.1,Asian SEA2a,China
HM486380,0,10595,NA,1353,2006,Asian_A1.1,Asian SEA2a,China
HM486381,0,0,1353,1353,2007,Asian SEA2a_A1.1.1,Asian SEA2a,China
HM756692,0,0,1353,1353,2008,Asian SEA1b_A1,Asian SEA1b,China
HQ118101,0,0,1353,1353,1989,Asian SEA1b_A1,Asian SEA1b,China
HQ118102,0,0,1353,1353,2006,Asian SEA1b_A1.1,Asian SEA1b,China
HQ118103,0,0,1353,1353,2008,Asian SEA1b_A1.1,Asian SEA1b,China
HQ118104,0,0,1353,1353,1989,Asian SEA1b_A1,Asian SEA1b,China
HQ118105,0,0,1353,1353,2008,Asian SEA1b_A1.1.1,Asian SEA1b,China
HQ118106,0,0,1353,1353,2008,Asian SEA1b_A1.1.1,Asian SEA1b,China
HQ118107,0,0,1353,1353,2008,Asian SEA1b_A1.1.1,Asian SEA1b,China
HQ118108,0,0,1353,1353,2008,Asian SEA1b_A1.1.1,Asian SEA1b,China
HQ118109,0,0,1353,1353,2008,Asian SEA1b_A1.1.1,Asian SEA1b,China
HQ118110,0,0,1353,1353,2008,Asian SEA1b_A1.1.1,Asian SEA1b,China
HQ118111,0,0,1353,1353,2008,Asian SEA1b_A1.1.1,Asian SEA1b,China
HQ118112,0,0,1353,1353,2008,Asian SEA1b_A1.1.1,Asian SEA1b,China
HQ118113,0,0,1353,1353,2008,Asian SEA1b_A1.1,Asian SEA1b,China
HQ118114,0,0,1353,1353,2008,Asian SEA2b_A1,Asian SEA2b,China
HQ118117,0,0,1353,1353,2008,Asian SEA2b_A1,Asian SEA2b,China
HQ118118,0,0,1353,1353,2008,Asian SEA2b_A1,Asian SEA2b,China
HQ317918,0,2,NA,NA,1956,Asian_A1.1,Asian SEA2a,China
HQ450385,0,123,NA,NA,2008,Asian SEA1b_A1.1,Asian SEA1b,China
HQ695732,0,0,1353,1353,2009,Asian SEA1b_A1.1,Asian SEA1b,China
JF796851,0,0,1353,1353,2010,Asian SEA1b_A1.1.1,Asian SEA1b,China
JF810669,0,0,1353,1353,2009,Asian SEA1b_A1.1.1,Asian SEA1b,China
JF810671,0,0,1353,1353,2008,Asian SEA1b_A1.1.1,Asian SEA1b,China
JF819603,0,0,1353,1353,2014,Asian SEA3_A1,Asian SEA3,China
JF819604,0,0,1353,1353,2014,Asian SEA3_A1,Asian SEA3,China
JF819605,0,10595,NA,1353,2014,Asian_A1.1,Asian SEA2a,China
JF819606,0,10595,NA,1353,2014,Asian_A1.1,Asian SEA2a,China
JF819607,0,10595,NA,1353,2014,Asian_A1.1,Asian SEA2a,China
JF819608,0,0,1353,1353,2014,Asian SEA3_A1,Asian SEA3,China
JF819609,0,0,1353,1353,2014,Asian SEA3_A1,Asian SEA3,China
JF819610,0,0,1353,1353,2014,Asian SEA3_A1,Asian SEA3,China
JF819611,0,0,1353,1353,2009,Asian SEA1b_C1,Asian SEA1b,China
JF819612,0,10595,NA,1353,2014,Asian_A1.1,Asian SEA2a,China
JF819613,0,10595,NA,1353,2014,Asian_A1.1,Asian SEA2a,China
JF819614,0,10595,NA,1353,2014,Asian_A1.1,Asian SEA2a,China
JF819615,0,10595,NA,1353,2014,Asian_A1.1,Asian SEA2a,China
JF819616,0,0,1353,1353,2014,Asian SEA3_A1,Asian SEA3,China
JF819617,0,0,1353,1353,2014,Asian SEA3_A1,Asian SEA3,China
JF819618,0,0,1353,1353,2014,Asian SEA3_A1,Asian SEA3,China
JF819619,0,0,1353,1353,2010,Asian SEA1b_C1,Asian SEA1b,China
JF819620,0,0,1353,1353,2010,Asian SEA1b_C1,Asian SEA1b,China
JF819621,0,0,1353,1353,2010,Asian SEA1b_C1,Asian SEA1b,China
JF819622,0,10595,NA,1353,2014,Asian_A1.1,Asian SEA2a,China
JF819623,0,0,1353,1353,2010,Asian SEA1b_C1,Asian SEA1b,China
JF819624,0,0,1353,1353,2010,Asian SEA1b_C1,Asian SEA1b,China
JN609295,0,123,NA,NA,2008,Asian SEA1b_A1.1.1,Asian SEA1b,China
JN786877,0,2,NA,NA,2012,Asian SEA3_A1.1,Asian SEA3,Thailand
JN786878,0,2,NA,NA,2012,Asian SEA3_A1.1,Asian SEA3,Thailand
JN974823,0,0,1353,1353,2008,Asian SEA2a_A1.1.1,Asian SEA2a,China
JN974824,0,0,1353,1353,2005,Asian SEA2a_A1.1.1,Asian SEA2a,China
JN974825,0,10595,NA,1353,2006,Asian_A1.1,Asian SEA2b,China
JN974826,0,0,1353,1353,2006,Asian SEA1b_A1,Asian SEA1b,China
JN974827,0,0,1353,1353,2006,Asian SEA1b_A1.1.1,Asian SEA1b,China
JN974828,0,0,1353,1353,2006,Asian SEA2a_B1,Asian SEA2a,China
JN974829,0,0,1353,1353,2008,Asian SEA2a_B1,Asian SEA2a,China
JN974830,0,0,1353,1353,2005,Asian SEA1b_A1.1.1,Asian SEA1b,China
JN974831,0,10595,NA,1353,2005,Asian_A1.1,Asian SEA2a,China
JN974832,0,0,1353,1353,2009,Asian SEA1b_A1.1,Asian SEA1b,China
JN974833,0,0,1353,1353,2010,Asian SEA1b_A1.1,Asian SEA1b,China
JN974834,0,0,1353,1353,2010,Asian SEA1b_A1.1,Asian SEA1b,China
JN974835,0,0,1353,1353,2010,Asian SEA1b_A1.1.1,Asian SEA1b,China
JN974836,0,0,1353,1353,2005,Asian SEA1b_A1.1,Asian SEA1b,China
JN974837,0,0,1353,1353,2005,Asian SEA1b_A1.1.2,Asian SEA1b,China
JN974838,0,0,1353,1353,2005,Asian SEA2a_A1.1.1,Asian SEA2a,China
JN974839,0,0,1353,1353,2005,Asian SEA1b_A1,Asian SEA1b,China
JN974840,0,0,1353,1353,2006,Asian SEA1b_C1,Asian SEA1b,China
JN974841,0,0,1353,1353,2006,Asian SEA2a_A1.1.1,Asian SEA2a,China
JN974842,0,0,1353,1353,2006,Asian SEA2a_A1.1.1,Asian SEA2a,China
JN974843,0,0,1353,1353,2006,Asian SEA2a_A1.1.1,Asian SEA2a,China
JN974844,0,0,1353,1353,2007,Asian SEA1b_A1,Asian SEA1b,China
JN974845,0,0,1353,1353,2008,Asian SEA2a_A1.1.1,Asian SEA2a,China
JN974846,0,0,1353,1353,2008,Asian SEA1b_A1,Asian SEA1b,China
JN974847,0,10595,NA,1353,2008,Asian_A1.1,Asian SEA2a,China
JN974848,0,0,1353,1353,2009,Asian SEA1b_A1,Asian SEA1b,China
JN974849,0,0,1353,1353,2008,Asian SEA1b_A1.1.1,Asian SEA1b,China
JN974850,0,0,1353,1353,2008,Asian SEA1b_A1.1.1,Asian SEA1b,China
JN974851,0,0,1353,1353,2008,Asian SEA1b_A1.1.1,Asian SEA1b,China
JN974852,0,0,1353,1353,2008,Asian SEA1b_A1.1.1,Asian SEA1b,China
JN974853,0,0,1353,1353,2009,Asian SEA1b_A1.1.2,Asian SEA1b,China
JN974854,0,10595,NA,1353,2009,Asian_A1.1,Asian SEA2a,China
JN974855,0,0,1353,1353,2009,Asian SEA1b_A1,Asian SEA1b,China
JN974856,0,0,1353,1353,2008,Asian SEA1b_A1.1,Asian SEA1b,China
JN974857,0,0,1353,1353,2008,Asian SEA1b_C1,Asian SEA1b,China
JN974858,0,0,1353,1353,2009,Asian SEA1b_C1,Asian SEA1b,China
JN974859,0,0,1353,1353,2009,Asian SEA1b_C1,Asian SEA1b,China
JN974860,0,0,1353,1353,2009,Asian SEA1b_A1.1,Asian SEA1b,China
JN974861,0,0,1353,1353,2010,Asian SEA1b_C1,Asian SEA1b,China
JN974862,0,0,1353,1353,2010,Asian SEA1b_A1.1.1,Asian SEA1b,China
JN974863,0,0,1353,1353,2010,Asian SEA1b_A1.1.1,Asian SEA1b,China
JN974864,0,0,1353,1353,2008,Asian SEA1b_A1.1.1,Asian SEA1b,China
JN974865,0,0,1353,1353,2008,Asian SEA1b_A1.1.1,Asian SEA1b,China
JN974866,0,0,1353,1353,2009,Asian SEA1b_A1.1.1,Asian SEA1b,China
JN974867,0,0,1353,1353,2009,Asian SEA1b_A1.1.1,Asian SEA1b,China
JN974868,0,0,1353,1353,2009,Asian SEA1b_C1,Asian SEA1b,China
JN974869,0,0,1353,1353,2009,Asian SEA1b_A1.1.1,Asian SEA1b,China
JN974870,0,10595,NA,1353,2003,Asian_A1.1,Asian SEA2a,China
JN974871,0,10595,NA,1353,2003,Asian_A1.1,Asian SEA2a,China
JN974872,0,10595,NA,1353,2003,Asian_A1.1,Asian SEA2a,China
JN974873,0,10595,NA,1353,2004,Asian_A1.1,Asian SEA2a,China
JN974874,0,0,1353,1353,2005,Asian SEA1b_A1.1.1,Asian SEA1b,China
JN974875,0,0,1353,1353,2005,Asian SEA1b_A1.1.1,Asian SEA1b,China
JN974876,0,0,1353,1353,2009,Asian SEA1b_A1.1,Asian SEA1b,China
JN974878,0,0,1353,1353,2008,Asian SEA1b_A1.1.1,Asian SEA1b,China
JQ040591,0,0,1353,1353,2011,Asian SEA1b_C1,Asian SEA1b,China
JQ040592,0,10595,NA,1353,2011,Asian_A1.1,Asian SEA2a,China
JQ040593,0,0,1353,1353,2010,Asian SEA1b_C1,Asian SEA1b,China
JQ040594,0,0,1353,1353,2010,Asian SEA1b_C1,Asian SEA1b,China
JQ040595,0,0,1353,1353,2010,Asian SEA1b_C1,Asian SEA1b,China
JQ040596,0,0,1353,1353,2010,Asian SEA1b_C1,Asian SEA1b,China
JQ040597,0,0,1353,1353,2010,Asian SEA1b_C1,Asian SEA1b,China
JQ040598,0,0,1353,1353,2011,Asian SEA1b_C1,Asian SEA1b,China
JQ040599,0,0,1353,1353,2010,Asian SEA1b_C1,Asian SEA1b,China
JQ040600,0,0,1353,1353,2010,Asian SEA1b_C1,Asian SEA1b,China
JQ423952,0,123,NA,NA,2011,Asian SEA1b_B1,Asian SEA1b,China
JQ647510,0,123,NA,NA,2011,Asian SEA1b_A1.1,Asian SEA1b,China
JQ730682,0,2,NA,NA,2010,Asian SEA3_A1,Asian SEA3,China
JQ794536,0,0,1353,1353,2011,Asian SEA1b_C1,Asian SEA1b,China
JQ794537,0,0,1353,1353,2011,Asian SEA1b_C1,Asian SEA1b,China
JQ794538,0,0,1353,1353,2011,Asian SEA1b_C1,Asian SEA1b,China
JQ794539,0,0,1353,1353,2011,Asian SEA1b_C1,Asian SEA1b,China
JQ794540,0,0,1353,1353,2011,Asian SEA1b_C1,Asian SEA1b,China
JQ794541,0,0,1353,1353,2011,Asian SEA1b_C1,Asian SEA1b,China
JQ798943,0,0,1353,1353,2011,Asian SEA1b_C1,Asian SEA1b,China
JQ798944,0,0,1353,1353,2011,Asian SEA1b_C1,Asian SEA1b,China
JQ798945,0,0,1353,1353,2011,Asian SEA1b_C1,Asian SEA1b,China
JQ798946,0,0,1353,1353,2011,Asian SEA1b_C1,Asian SEA1b,China
JQ798947,0,0,1353,1353,2011,Asian SEA1b_C1,Asian SEA1b,China
JQ798948,0,0,1353,1353,2011,Asian SEA1b_C1,Asian SEA1b,China
JQ798949,0,0,1353,1353,2011,Asian SEA1b_C1,Asian SEA1b,China
JQ798950,0,0,1353,1353,2011,Asian SEA1b_C1,Asian SEA1b,China
JQ798951,0,0,1353,1353,2011,Asian SEA1b_C1,Asian SEA1b,China
JQ798952,0,5,1353,1348,2011,Asian SEA1b_C1,Asian SEA1b,China
JQ798953,0,0,1353,1353,2011,Asian SEA1b_C1,Asian SEA1b,China
JQ798954,0,0,1353,1353,2011,Asian SEA1b_C1,Asian SEA1b,China
JQ798955,0,0,1353,1353,2011,Asian SEA1b_A1.1.1,Asian SEA1b,China
JQ798956,0,0,1353,1353,2011,Asian SEA1b_C1,Asian SEA1b,China
JQ798957,0,0,1353,1353,2011,Asian SEA1b_C1,Asian SEA1b,China
JQ798958,0,0,1353,1353,2011,Asian SEA1b_C1,Asian SEA1b,China
JQ798959,0,0,1353,1353,2011,Asian SEA1b_C1,Asian SEA1b,China
JQ798960,0,0,1353,1353,2011,Asian SEA1b_A1.1.1,Asian SEA1b,China
JQ798961,0,0,1353,1353,2011,Asian SEA1b_A1.1.1,Asian SEA1b,China
JQ946087,0,2,NA,NA,2011,Asian_A1.1.1,Asian SEA2b,China
JQ950446,0,0,1353,1353,2012,Asian SEA2b_A1.1.1,Asian SEA2b,China
JQ950448,0,0,1353,1353,2012,Asian SEA2b_A1.1.1,Asian SEA2b,China
JQ950452,0,0,1353,1353,2012,Asian SEA2b_A1.1.1,Asian SEA2b,China
JQ970480,0,2,NA,NA,2008,Asian_A1.1.1,Asian SEA2a,China
JQ970481,0,123,NA,NA,2006,Asian SEA1b_B1,Asian SEA1b,China
JQ970482,0,123,NA,NA,2006,Asian SEA1b_B1,Asian SEA1b,China
JQ970483,0,123,NA,NA,2008,Asian SEA1b_A1.1.1,Asian SEA1b,China
JQ970484,0,123,NA,NA,2009,Asian SEA1b_A1.1,Asian SEA1b,China
JQ970485,0,124,NA,NA,2009,Asian SEA1b_A1,Asian SEA1b,China
JQ970486,0,123,NA,NA,2007,Asian SEA1b_B1,Asian SEA1b,China
JQ970487,0,123,NA,NA,2009,Asian SEA1b_A1.1.1,Asian SEA1b,China
JX005929,0,0,1353,1353,2008,Asian SEA1b_A1.1.1,Asian SEA1b,China
JX005930,0,0,1353,1353,2010,Asian SEA1b_A1.1.1,Asian SEA1b,China
JX005931,0,0,1353,1353,2008,Asian SEA1b_A1.1.1,Asian SEA1b,China
JX005932,0,0,1353,1353,2008,Asian SEA1b_A1.1,Asian SEA1b,China
JX005933,0,0,1353,1353,2008,Asian SEA1b_A1.1,Asian SEA1b,China
JX005934,0,0,1353,1353,2008,Asian SEA1b_A1.1,Asian SEA1b,China
JX005935,0,0,1353,1353,2009,Asian SEA1b_A1.1,Asian SEA1b,China
JX005936,0,0,1353,1353,2010,Asian SEA1b_A1.1,Asian SEA1b,China
JX005937,0,0,1353,1353,2008,Asian SEA1b_A1.1,Asian SEA1b,China
JX005938,0,0,1353,1353,2008,Asian SEA1b_A1.1.1,Asian SEA1b,China
JX005939,0,0,1353,1353,2008,Asian SEA1b_C1,Asian SEA1b,China
JX005940,0,0,1353,1353,2009,Asian SEA1b_C1,Asian SEA1b,China
JX005941,0,0,1353,1353,2009,Asian SEA1b_C1,Asian SEA1b,China
JX005942,0,0,1353,1353,2009,Asian SEA1b_C1,Asian SEA1b,China
JX005943,0,0,1353,1353,2010,Asian SEA1b_C1,Asian SEA1b,China
JX005944,0,0,1353,1353,2009,Asian SEA1b_C1,Asian SEA1b,China
JX005945,0,0,1353,1353,2010,Asian SEA1b_A1.1.1,Asian SEA1b,China
JX005946,0,0,1353,1353,2010,Asian SEA1b_A1.1.1,Asian SEA1b,China
JX005947,0,0,1353,1353,2010,Asian SEA1b_A1.1.1,Asian SEA1b,China
JX088694,0,2,NA,NA,2012,Asian_A1.1.1,Asian SEA2a,China
JX123685,0,0,1353,1353,2010,Asian SEA1b_A1.1.1,Asian SEA1b,China
JX123686,0,0,1353,1353,2010,Asian SEA1b_A1.1.1,Asian SEA1b,China
JX123687,0,0,1353,1353,2010,Asian SEA1b_A1.1.1,Asian SEA1b,China
JX123688,0,0,1353,1353,2009,Asian SEA1b_A1.1.1,Asian SEA1b,China
JX276405,0,0,1353,1353,2010,Asian SEA3_A1,Asian SEA3,China
JX276406,0,0,1353,1353,2011,Asian SEA1b_C1,Asian SEA1b,China
JX276407,0,0,1353,1353,2012,Asian SEA1b_C1,Asian SEA1b,China
JX276408,0,0,1353,1353,2011,Asian SEA1b_C1,Asian SEA1b,China
JX276409,0,0,1353,1353,2012,Asian SEA1b_C1,Asian SEA1b,China
JX276410,0,0,1353,1353,2011,Asian SEA1b_C1,Asian SEA1b,China
JX276411,0,0,1353,1353,2012,Asian SEA1b_C1,Asian SEA1b,China
JX276412,0,0,1353,1353,2012,Asian SEA1b_C1,Asian SEA1b,China
JX276413,0,0,1353,1353,2012,Asian SEA1b_C1,Asian SEA1b,China
JX276414,0,0,1353,1353,2012,Asian SEA1b_C1,Asian SEA1b,China
JX276415,0,0,1353,1353,2012,Asian SEA1b_C1,Asian SEA1b,China
JX276416,0,0,1353,1353,2012,Asian SEA1b_C1,Asian SEA1b,China
JX276417,0,0,1353,1353,2012,Asian SEA1b_C1,Asian SEA1b,China
JX276418,0,0,1353,1353,2012,Asian SEA1b_C1,Asian SEA1b,China
JX276419,0,0,1353,1353,2012,Asian SEA1b_C1,Asian SEA1b,China
JX276420,0,0,1353,1353,2012,Asian SEA1b_C1,Asian SEA1b,China
JX276421,0,0,1353,1353,2012,Asian SEA1b_C1,Asian SEA1b,China
JX276422,0,0,1353,1353,2012,Asian SEA1b_C1,Asian SEA1b,China
JX276423,0,0,1353,1353,2012,Asian SEA1b_C1,Asian SEA1b,China
JX276424,0,0,1353,1353,2012,Asian SEA1b_C1,Asian SEA1b,China
JX276425,0,0,1353,1353,2012,Asian SEA1b_C1,Asian SEA1b,China
KC169986,0,123,NA,NA,2009,Asian SEA1b_A1,Asian SEA1b,China
KC193267,0,123,NA,NA,2011,Asian SEA1b_B1,Asian SEA1b,China
KC252634,0,123,NA,NA,2011,Asian SEA1b_B1,Asian SEA1b,China
KC465367,0,0,1353,1353,2005,Asian SEA1b_A1.1.1,Asian SEA1b,China
KC465368,0,0,1353,1353,2005,Asian SEA1b_A1.1.1,Asian SEA1b,China
KC465369,0,0,1353,1353,2009,Asian SEA1b_A1.1,Asian SEA1b,China
KC465370,0,0,1353,1353,2009,Asian SEA1b_A1.1,Asian SEA1b,China
KC465373,0,0,1353,1353,2012,Asian SEA1b_A1.1.1,Asian SEA1b,China
KC465374,0,10595,NA,1353,2011,Asian_A1.1,Asian SEA2a,China
KC465375,0,10595,NA,1353,2011,Asian_A1.1,Asian SEA2a,China
KC465376,0,0,1353,1353,2011,Asian SEA1b_A1.1.1,Asian SEA1b,China
KC465378,0,0,1353,1353,2011,Asian SEA1b_A1.1.1,Asian SEA1b,China
KC465379,0,0,1353,1353,2011,Asian SEA1b_A1.1.1,Asian SEA1b,China
KC465380,0,0,1353,1353,2011,Asian SEA1b_A1.1.1,Asian SEA1b,China
KC660078,0,125,NA,NA,2012,Asian SEA1b_B1,Asian SEA1b,China
KC762941,0,124,NA,NA,2009,Asian SEA1b_A1,Asian SEA1b,China
KC977995,0,124,NA,NA,2009,Asian SEA1b_A1.1.1,Asian SEA1b,China
KF501180,0,0,1353,1353,2013,Asian SEA5_A1.3,Asian SEA5,Taiwan
KF501181,0,0,1353,1353,2013,Asian SEA5_A1.1.1,Asian SEA5,Taiwan
KF501182,0,0,1353,1353,2013,Asian SEA5_A1.1.1,Asian SEA5,Taiwan
KF501185,0,0,1353,1353,2013,Asian SEA5_A1.2,Asian SEA5,Taiwan
KF620487,0,2,NA,NA,2012,Asian_A1,Asian SEA5,Taiwan
KF620488,7,2,NA,NA,2012,Asian_A1,Asian SEA5,Taiwan
KF620489,4,2,NA,NA,2013,Asian_A1,Asian SEA5,Taiwan
KF663511,0,0,1353,1353,2011,Asian SEA1b_A1.1.1,Asian SEA1b,China
KF663512,0,0,1353,1353,2011,Asian SEA1b_A1.1.1,Asian SEA1b,China
KF663513,0,0,1353,1353,2011,Asian SEA1b_A1.1.1,Asian SEA1b,China
KF663514,0,0,1353,1353,2011,Asian SEA1b_A1.1.1,Asian SEA1b,China
KF663515,0,0,1353,1353,2011,Asian SEA1b_A1.1,Asian SEA1b,China
KF663516,0,0,1353,1353,2011,Asian SEA1b_A1.1,Asian SEA1b,China
KF663517,0,0,1353,1353,2011,Asian SEA1b_A1.1.1,Asian SEA1b,China
KF663518,0,0,1353,1353,2011,Asian SEA1b_A1.1.1,Asian SEA1b,China
KF663519,0,0,1353,1353,2011,Asian SEA1b_A1.1.1,Asian SEA1b,China
KF663520,0,0,1353,1353,2011,Asian SEA1b_A1.1.1,Asian SEA1b,China
KF663521,0,0,1353,1353,2012,Asian SEA1b_A1.1.1,Asian SEA1b,China
KF663522,0,0,1353,1353,2012,Asian SEA1b_A1.1.1,Asian SEA1b,China
KF663523,0,0,1353,1353,2009,Asian SEA1b_A1.1,Asian SEA1b,China
KF663524,0,0,1353,1353,2010,Asian SEA1b_A1.1.1,Asian SEA1b,China
KF663525,0,0,1353,1353,2009,Asian SEA1b_A1.1,Asian SEA1b,China
KF663526,0,0,1353,1353,2011,Asian SEA1b_A1.1.1,Asian SEA1b,China
KF663527,0,0,1353,1353,2012,Asian SEA1b_A1.1.1,Asian SEA1b,China
KF663528,0,0,1353,1353,2012,Asian SEA1b_A1.1.1,Asian SEA1b,China
KF663529,0,0,1353,1353,2012,Asian SEA1b_A1.1.1,Asian SEA1b,China
KF663530,0,0,1353,1353,2012,Asian SEA1b_A1.1,Asian SEA1b,China
KF726852,0,2,NA,NA,2009,Asian_A1.1.1,Asian SEA2b,China
KF726853,0,151,NA,11797,2010,Asian SEA1b_A1.1.2,Asian SEA1b,China
KJ004416,0,123,NA,NA,2013,Asian SEA1b_B1,Asian SEA1b,China
KJ466147,0,2,NA,NA,2014,Asian_A1.1,Asian SEA2a,China
KJ564280,0,123,NA,NA,2013,Asian SEA1b_B1,Asian SEA1b,China
KM034906,0,0,1353,1353,2013,Asian SEA1b_A1.1.1,Asian SEA1b,China
KM058057,0,0,1353,1353,2014,Asian SEA1b_A1.1.1,Asian SEA1b,China
KM058058,0,0,1353,1353,2014,Asian SEA1b_A1.1.1,Asian SEA1b,China
KM093867,0,0,1353,1353,2012,Asian SEA1b_A1.1.1,Asian SEA1b,China
KM366202,0,6,1353,1347,2008,Asian SEA3_A1.1,Asian SEA3,Cambodia
KM366203,0,6,1353,1347,2006,Asian SEA3_A1.1,Asian SEA3,Cambodia
KM366204,0,6,1353,1347,2004,Asian SEA3_A1.1,Asian SEA3,Cambodia
KM366205,0,6,1353,1347,2010,Asian SEA3_A1.1,Asian SEA3,Cambodia
KM366206,0,6,1353,1347,2004,Asian SEA3_A1.1,Asian SEA3,Cambodia
KM366207,0,6,1353,1347,2007,Asian SEA3_A1.1,Asian SEA3,Cambodia
KM366208,0,6,1353,1347,2004,Asian SEA3_A1.1,Asian SEA3,Cambodia
KM366209,0,6,1353,1347,2002,Asian SEA3_A1.1,Asian SEA3,Cambodia
KM366210,0,6,1353,1347,2000,Asian SEA3_A1.1,Asian SEA3,Cambodia
KM366211,0,6,1353,1347,2010,Asian SEA3_A1.1,Asian SEA3,Cambodia
KM366212,0,6,1353,1347,2008,Asian SEA3_A1.1,Asian SEA3,Cambodia
KM366213,0,6,1353,1347,1998,Asian SEA3_A1.1,Asian SEA3,Cambodia
KM366214,0,6,1353,1347,2003,Asian SEA3_A1.1,Asian SEA3,Cambodia
KM366215,0,6,1353,1347,2002,Asian SEA3_A1.1,Asian SEA3,Cambodia
KM366216,0,6,1353,1347,2010,Asian SEA3_A1.1,Asian SEA3,Cambodia
KM366217,0,6,1353,1347,2009,Asian SEA3_A1.1,Asian SEA3,Cambodia
KM366218,0,6,1353,1347,2003,Asian SEA3_A1.1,Asian SEA3,Cambodia
KM366219,0,6,1353,1347,2004,Asian SEA3_A1.1,Asian SEA3,Cambodia
KM366220,0,6,1353,1347,2011,Asian SEA3_A1.1,Asian SEA3,Cambodia
KM366221,0,6,1353,1347,2011,Asian SEA3_A1.1,Asian SEA3,Cambodia
KM366222,0,6,1353,1347,2011,Asian SEA3_A1.1,Asian SEA3,Cambodia
KM366223,0,6,1353,1347,2010,Asian SEA3_A1.1,Asian SEA3,Cambodia
KM366224,0,6,1353,1347,2000,Asian SEA3_A1.1,Asian SEA3,Cambodia
KM366225,0,6,1353,1347,2011,Asian SEA3_A1.1,Asian SEA3,Cambodia
KM366226,0,6,1353,1347,2001,Asian SEA3_A1.1,Asian SEA3,Cambodia
KM366227,0,6,1353,1347,2010,Asian SEA3_A1.1,Asian SEA3,Cambodia
KM366228,0,6,1353,1347,2008,Asian SEA3_A1.1,Asian SEA3,Cambodia
KM366229,0,6,1353,1347,2011,Asian SEA3_A1.1,Asian SEA3,Cambodia
KM366230,0,6,1353,1347,2011,Asian SEA3_A1.1,Asian SEA3,Cambodia
KM366231,0,6,1353,1347,2008,Asian SEA3_A1.1,Asian SEA3,Cambodia
KM366232,0,6,1353,1347,2003,Asian SEA3_A1.1,Asian SEA3,Cambodia
KM366233,0,6,1353,1347,2002,Asian SEA3_A1.1.1,Asian SEA3,Cambodia
KM366234,0,6,1353,1347,1999,Asian SEA3_A1.1.1,Asian SEA3,Cambodia
KM366235,0,6,1353,1347,2009,Asian SEA3_A1.1.1,Asian SEA3,Cambodia
KM366236,0,6,1353,1347,2008,Asian SEA3_A1.1,Asian SEA3,Cambodia
KM366237,0,6,1353,1347,2008,Asian SEA3_A1.1,Asian SEA3,Cambodia
KM366238,0,6,1353,1347,2009,Asian SEA3_A1.1,Asian SEA3,Cambodia
KM366239,0,6,1353,1347,1999,Asian SEA3_A1.1.1,Asian SEA3,Cambodia
KM366240,0,6,1353,1347,2001,Asian SEA3_A1.1.1,Asian SEA3,Cambodia
KM366241,0,6,1353,1347,1999,Asian SEA3_A1.1.1,Asian SEA3,Cambodia
KM366242,0,6,1353,1347,2001,Asian SEA3_A1.1,Asian SEA3,Cambodia
KM366243,0,6,1353,1347,2007,Asian SEA3_B1,Asian SEA3,Cambodia
KM366244,0,6,1353,1347,2000,Asian SEA3_B1,Asian SEA3,Cambodia
KM366245,0,6,1353,1347,2000,Asian SEA3_B1,Asian SEA3,Cambodia
KM366246,0,6,1353,1347,2006,Asian SEA3_A1.1.1,Asian SEA3,Cambodia
KM366247,0,6,1353,1347,2002,Asian SEA3_A1.1.1,Asian SEA3,Cambodia
KM366248,0,6,1353,1347,2006,Asian SEA3_A1.1,Asian SEA3,Cambodia
KM366249,0,6,1353,1347,2005,Asian SEA3_A1.1.1,Asian SEA3,Cambodia
KM366250,0,6,1353,1347,2003,Asian SEA3_A1.1,Asian SEA3,Cambodia
KM366251,0,6,1353,1347,1998,Asian SEA3_A1.1.1,Asian SEA3,Cambodia
KM366252,0,6,1353,1347,1998,Asian SEA3_A1.1,Asian SEA3,Cambodia
KM366253,0,6,1353,1347,2007,Asian SEA3_A1.1,Asian SEA3,Cambodia
KM366254,0,6,1353,1347,2009,Asian SEA3_A1.1,Asian SEA3,Cambodia
KM366255,0,6,1353,1347,2011,Asian SEA3_A1.1.1,Asian SEA3,Cambodia
KM366256,0,6,1353,1347,2002,Asian SEA3_A1.1,Asian SEA3,Cambodia
KM366257,0,6,1353,1347,2006,Asian SEA3_A1.1,Asian SEA3,Cambodia
KM366258,0,6,1353,1347,2006,Asian SEA3_A1.1,Asian SEA3,Cambodia
KM366259,0,6,1353,1347,2004,Asian SEA3_B1,Asian SEA3,Cambodia
KM366260,0,6,1353,1347,2002,Asian SEA3_A1.1,Asian SEA3,Cambodia
KM366261,0,6,1353,1347,2005,Asian SEA3_B1,Asian SEA3,Cambodia
KM366262,0,6,1353,1347,2009,Asian SEA3_A1.1,Asian SEA3,Cambodia
KM366263,0,6,1353,1347,2011,Asian SEA3_A1.1.1,Asian SEA3,Cambodia
KM366264,0,6,1353,1347,2001,Asian SEA3_A1.1.1,Asian SEA3,Cambodia
KM366265,0,6,1353,1347,2000,Asian SEA3_A1.1.1,Asian SEA3,Cambodia
KM366266,0,6,1353,1347,2010,Asian SEA3_A1.1.1,Asian SEA3,Cambodia
KM366267,0,6,1353,1347,2010,Asian SEA3_A1.1,Asian SEA3,Cambodia
KM366268,0,6,1353,1347,2005,Asian SEA3_A1,Asian SEA3,Cambodia
KM366269,0,6,1353,1347,1999,Asian SEA3_A1.1,Asian SEA3,Cambodia
KM366270,0,6,1353,1347,2003,Asian SEA3_A1.1,Asian SEA3,Cambodia
KM366271,0,6,1353,1347,2001,Asian SEA3_B1,Asian SEA3,Cambodia
KM366272,0,6,1353,1347,2003,Asian SEA3_A1.1,Asian SEA3,Cambodia
KM366273,0,6,1353,1347,2004,Asian SEA3_B1,Asian SEA3,Cambodia
KM366274,0,6,1353,1347,2008,Asian SEA3_A1.1.1,Asian SEA3,Cambodia
KM366275,0,6,1353,1347,2000,Asian SEA3_A1.1,Asian SEA3,Cambodia
KM366276,0,6,1353,1347,2006,Asian SEA3_A1.1.1,Asian SEA3,Cambodia
KM366277,0,6,1353,1347,2002,Asian SEA3_A1.1.1,Asian SEA3,Cambodia
KM366278,0,6,1353,1347,2001,Asian SEA3_A1.1.1,Asian SEA3,Cambodia
KM366279,0,6,1353,1347,2008,Asian SEA3_B1,Asian SEA3,Cambodia
KM366280,0,6,1353,1347,2008,Asian SEA3_A1.1.1,Asian SEA3,Cambodia
KM366281,0,6,1353,1347,2008,Asian SEA3_A1.1.1,Asian SEA3,Cambodia
KM366282,0,6,1353,1347,2000,Asian SEA3_A1.1.1,Asian SEA3,Cambodia
KM366283,0,6,1353,1347,2009,Asian SEA3_A1.1.1,Asian SEA3,Cambodia
KM366284,0,6,1353,1347,2011,Asian SEA3_A1.1,Asian SEA3,Cambodia
KM366285,0,6,1353,1347,1998,Asian SEA3_A1.1,Asian SEA3,Cambodia
KM366286,0,6,1353,1347,2011,Asian SEA3_A1.1,Asian SEA3,Cambodia
KM366287,0,6,1353,1347,1998,Asian SEA3_A1.1,Asian SEA3,Cambodia
KM366288,0,6,1353,1347,2009,Asian SEA3_A1.1,Asian SEA3,Cambodia
KM366289,0,6,1353,1347,2007,Asian SEA3_A1.1,Asian SEA3,Cambodia
KM366290,0,6,1353,1347,2001,Asian SEA3_A1.1,Asian SEA3,Cambodia
KM366291,0,6,1353,1347,2003,Asian SEA3_A1.1,Asian SEA3,Cambodia
KM366292,0,6,1353,1347,2006,Asian SEA3_A1.1.1,Asian SEA3,Cambodia
KM366293,0,6,1353,1347,2007,Asian SEA3_A1.1.1,Asian SEA3,Cambodia
KM366294,0,6,1353,1347,2006,Asian SEA3_A1.1,Asian SEA3,Cambodia
KM366295,0,6,1353,1347,1999,Asian SEA3_A1.1,Asian SEA3,Cambodia
KM366296,0,6,1353,1347,2007,Asian SEA3_A1.1,Asian SEA3,Cambodia
KM366297,0,6,1353,1347,2004,Asian SEA3_B1,Asian SEA3,Cambodia
KM366298,0,6,1353,1347,2002,Asian SEA3_B1,Asian SEA3,Cambodia
KM366299,0,6,1353,1347,2009,Asian SEA3_A1.1,Asian SEA3,Cambodia
KM366300,0,6,1353,1347,2002,Asian SEA3_B1,Asian SEA3,Cambodia
KM366301,0,6,1353,1347,2009,Asian SEA3_A1.1,Asian SEA3,Cambodia
KM366302,0,6,1353,1347,2004,Asian SEA3_A1.1,Asian SEA3,Cambodia
KM366303,0,6,1353,1347,2007,Asian SEA3_A1.1,Asian SEA3,Cambodia
KM366304,0,6,1353,1347,2001,Asian SEA3_A1.1,Asian SEA3,Cambodia
KM366305,0,6,1353,1347,2002,Asian SEA3_A1.1,Asian SEA3,Cambodia
KM366306,0,6,1353,1347,1998,Asian SEA3_A1.1,Asian SEA3,Cambodia
KM366307,0,6,1353,1347,1998,Asian SEA3_A1.1.1,Asian SEA3,Cambodia
KM366308,0,6,1353,1347,2003,Asian SEA3_A1.1,Asian SEA3,Cambodia
KM366309,0,6,1353,1347,1999,Asian SEA3_A1.1,Asian SEA3,Cambodia
KM366310,0,6,1353,1347,2008,Asian SEA3_A1.1,Asian SEA3,Cambodia
KM366311,0,6,1353,1347,2007,Asian SEA3_A1.1,Asian SEA3,Cambodia
KM366312,0,6,1353,1347,2005,Asian SEA3_A1.1,Asian SEA3,Cambodia
KM366313,0,6,1353,1347,2004,Asian SEA3_A1.1,Asian SEA3,Cambodia
KM366314,0,6,1353,1347,2009,Asian SEA3_A1.1,Asian SEA3,Cambodia
KM366315,0,6,1353,1347,2006,Asian SEA3_A1.1,Asian SEA3,Cambodia
KM366316,0,6,1353,1347,2005,Asian SEA3_A1.1,Asian SEA3,Cambodia
KM366317,0,6,1353,1347,2003,Asian SEA3_A1.1,Asian SEA3,Cambodia
KM366318,0,6,1353,1347,2010,Asian SEA3_A1.1.1,Asian SEA3,Cambodia
KM366319,0,6,1353,1347,2008,Asian SEA3_A1.1.1,Asian SEA3,Cambodia
KM366320,0,6,1353,1347,2007,Asian SEA3_A1.1,Asian SEA3,Cambodia
KM366321,0,6,1353,1347,2001,Asian SEA3_B1,Asian SEA3,Cambodia
KM366322,0,6,1353,1347,2011,Asian SEA3_A1.1.1,Asian SEA3,Cambodia
KM366323,0,6,1353,1347,2006,Asian SEA3_A1.1.1,Asian SEA3,Cambodia
KM366324,0,6,1353,1347,2003,Asian SEA3_A1.1.1,Asian SEA3,Cambodia
KM366325,0,6,1353,1347,2001,Asian SEA3_A1.1.1,Asian SEA3,Cambodia
KM366326,0,6,1353,1347,2000,Asian SEA3_B1,Asian SEA3,Cambodia
KM366327,0,6,1353,1347,1999,Asian SEA3_A1.1.1,Asian SEA3,Cambodia
KM366328,0,6,1353,1347,1999,Asian SEA3_A1.1.1,Asian SEA3,Cambodia
KM366329,0,6,1353,1347,1998,Asian SEA3_A1.1.1,Asian SEA3,Cambodia
KM366330,0,6,1353,1347,1998,Asian SEA3_A1.1.1,Asian SEA3,Cambodia
KM366331,0,6,1353,1347,2009,Asian SEA3_B1,Asian SEA3,Cambodia
KM366332,0,6,1353,1347,1998,Asian SEA3_A1.1,Asian SEA3,Cambodia
KM366333,0,6,1353,1347,2009,Asian SEA3_B1,Asian SEA3,Cambodia
KM366334,0,6,1353,1347,1999,Asian SEA3_B1,Asian SEA3,Cambodia
KM366335,0,6,1353,1347,2000,Asian SEA3_A1.1,Asian SEA3,Cambodia
KM366336,0,6,1353,1347,2010,Asian SEA3_A1.1,Asian SEA3,Cambodia
KM366337,0,6,1353,1347,2009,Asian SEA3_A1.1,Asian SEA3,Cambodia
KM366338,0,6,1353,1347,2010,Asian SEA3_A1.1,Asian SEA3,Cambodia
KM366339,0,6,1353,1347,2004,Asian SEA3_A1.1.1,Asian SEA3,Cambodia
KM366340,0,6,1353,1347,2004,Asian SEA3_B1,Asian SEA3,Cambodia
KM366341,0,6,1353,1347,2004,Asian SEA3_A1.1,Asian SEA3,Cambodia
KM366342,0,6,1353,1347,2004,Asian SEA3_A1.1.1,Asian SEA3,Cambodia
KM366343,0,7,1353,1346,2004,Asian SEA3_A1.1,Asian SEA3,Cambodia
KM366344,0,6,1353,1347,2004,Asian SEA3_A1.1.1,Asian SEA3,Cambodia
KM366345,0,6,1353,1347,2004,Asian SEA3_A1.1.1,Asian SEA3,Cambodia
KM366346,0,6,1353,1347,2005,Asian SEA3_A1.1,Asian SEA3,Cambodia
KM366347,0,6,1353,1347,2005,Asian SEA3_A1.1,Asian SEA3,Cambodia
KM366348,0,6,1353,1347,2006,Asian SEA3_A1.1,Asian SEA3,Cambodia
KM366349,0,6,1353,1347,2004,Asian SEA3_A1.1.1,Asian SEA3,Cambodia
KM366350,0,6,1353,1347,2004,Asian SEA3_A1.1,Asian SEA3,Cambodia
KM880028,0,0,1353,1353,2012,Asian SEA1b_A1.1.1,Asian SEA1b,China
KP072009,0,0,1353,1353,2012,Asian SEA1b_C1,Asian SEA1b,China
KP072010,0,0,1353,1353,2012,Asian SEA1b_C1,Asian SEA1b,China
KP072011,0,0,1353,1353,2012,Asian SEA1b_C1,Asian SEA1b,China
KP072012,0,0,1353,1353,2012,Asian SEA1b_C1,Asian SEA1b,China
KP072013,0,0,1353,1353,2012,Asian SEA1b_C1,Asian SEA1b,China
KP072014,0,0,1353,1353,2012,Asian SEA1b_C1,Asian SEA1b,China
KP072015,0,0,1353,1353,2012,Asian SEA1b_C1,Asian SEA1b,China
KP072016,0,0,1353,1353,2012,Asian SEA1b_C1,Asian SEA1b,China
KP072017,0,0,1353,1353,2012,Asian SEA1b_C1,Asian SEA1b,China
KP072018,0,0,1353,1353,2012,Asian SEA1b_C1,Asian SEA1b,China
KP072019,0,0,1353,1353,2012,Asian SEA1b_C1,Asian SEA1b,China
KP072020,0,0,1353,1353,2013,Asian SEA1b_C1,Asian SEA1b,China
KP072021,0,0,1353,1353,2013,Asian SEA1b_C1,Asian SEA1b,China
KP072022,0,0,1353,1353,2013,Asian SEA1b_C1,Asian SEA1b,China
KP072023,0,0,1353,1353,2013,Asian SEA1b_C1,Asian SEA1b,China
KP072024,0,0,1353,1353,2013,Asian SEA1b_C1,Asian SEA1b,China
KP072025,0,0,1353,1353,2013,Asian SEA1b_C1,Asian SEA1b,China
KP072026,0,0,1353,1353,2013,Asian SEA1b_C1,Asian SEA1b,China
KP072027,0,0,1353,1353,2013,Asian SEA1b_C1,Asian SEA1b,China
KP072028,0,0,1353,1353,2013,Asian SEA1b_C1,Asian SEA1b,China
KP072029,0,0,1353,1353,2013,Asian SEA1b_C1,Asian SEA1b,China
KP072030,0,0,1353,1353,2013,Asian SEA1b_C1,Asian SEA1b,China
KP202418,0,0,1353,1353,2013,Asian SEA1b_C1,Asian SEA1b,China
KP202419,0,0,1353,1353,2013,Asian SEA1b_C1,Asian SEA1b,China
KP202420,0,0,1353,1353,2013,Asian SEA1b_C1,Asian SEA1b,China
KP202421,0,0,1353,1353,2014,Asian SEA1b_C1,Asian SEA1b,China
KP202422,0,0,1353,1353,2014,Asian SEA1b_C1,Asian SEA1b,China
KP202423,0,0,1353,1353,2014,Asian SEA1b_C1,Asian SEA1b,China
KP202424,0,0,1353,1353,2014,Asian SEA1b_C1,Asian SEA1b,China
KP202425,0,0,1353,1353,2014,Asian SEA1b_C1,Asian SEA1b,China
KP202426,0,0,1353,1353,2014,Asian SEA1b_C1,Asian SEA1b,China
KP202427,0,0,1353,1353,2014,Asian SEA1b_C1,Asian SEA1b,China
KP202428,0,0,1353,1353,2014,Asian SEA1b_C1,Asian SEA1b,China
KP202429,0,0,1353,1353,2014,Asian SEA1b_C1,Asian SEA1b,China
KP202430,0,0,1353,1353,2014,Asian SEA1b_C1,Asian SEA1b,China
KP202431,0,0,1353,1353,2014,Asian SEA1b_C1,Asian SEA1b,China
KP202432,0,0,1353,1353,2014,Asian SEA1b_C1,Asian SEA1b,China
KP202433,0,0,1353,1353,2014,Asian SEA1b_C1,Asian SEA1b,China
KP202434,0,0,1353,1353,2014,Asian SEA1b_A1.1,Asian SEA1b,China
KP202435,0,0,1353,1353,2014,Asian SEA1b_A1.1,Asian SEA1b,China
KP202436,0,0,1353,1353,2014,Asian SEA1b_A1.1,Asian SEA1b,China
KP202437,0,0,1353,1353,2014,Asian SEA1b_A1.1,Asian SEA1b,China
KP202438,0,0,1353,1353,2014,Asian SEA1b_C1,Asian SEA1b,China
KP202439,0,0,1353,1353,2014,Asian SEA1b_C1,Asian SEA1b,China
KP202440,0,0,1353,1353,2014,Asian SEA1b_C1,Asian SEA1b,China
KP202441,0,0,1353,1353,2014,Asian SEA1b_C1,Asian SEA1b,China
KP202442,0,0,1353,1353,2014,Asian SEA1b_C1,Asian SEA1b,China
KP202443,0,0,1353,1353,2014,Asian SEA1b_C1,Asian SEA1b,China
KP202444,0,0,1353,1353,2014,Asian SEA1b_C1,Asian SEA1b,China
KP202445,0,0,1353,1353,2014,Asian SEA1b_C1,Asian SEA1b,China
KP202446,0,0,1353,1353,2014,Asian SEA1b_C1,Asian SEA1b,China
KP202447,0,0,1353,1353,2014,Asian SEA1b_C1,Asian SEA1b,China
KP202448,0,0,1353,1353,2013,Asian SEA1b_C1,Asian SEA1b,China
KP319184,0,0,1353,1353,2009,Asian SEA2b_A1.1.1,Asian SEA2b,China
KP319185,0,0,1353,1353,2009,Asian SEA2b_A1,Asian SEA2b,China
KP319187,0,0,1353,1353,2009,Asian SEA2b_A1,Asian SEA2b,China
KP319188,0,0,1353,1353,2009,Asian SEA2b_A1.1,Asian SEA2b,China
KP319189,0,0,1353,1353,2009,Asian SEA2b_A1,Asian SEA2b,China
KP319190,0,0,1353,1353,2009,Asian SEA2b_A1,Asian SEA2b,China
KP319191,0,10595,NA,1353,2009,Asian SEA2b_A1,Asian SEA2b,China
KP319192,0,0,1353,1353,2009,Asian SEA2b_A1,Asian SEA2b,China
KP319193,0,0,1353,1353,2011,Asian SEA2b_A1,Asian SEA2b,China
KP319195,0,0,1353,1353,2011,Asian SEA2b_A1.1.1,Asian SEA2b,China
KP319196,0,0,1353,1353,2012,Asian SEA2b_A1.1.1,Asian SEA2b,China
KP319198,0,0,1353,1353,2012,Asian SEA2b_A1.1.1,Asian SEA2b,China
KP319200,0,0,1353,1353,2012,Asian SEA2b_A1.1.1,Asian SEA2b,China
KP319202,0,0,1353,1353,2013,Asian SEA2b_A1.1.1,Asian SEA2b,China
KP319203,0,0,1353,1353,2013,Asian SEA2b_A1.1.1,Asian SEA2b,China
KP319204,0,0,1353,1353,2013,Asian SEA2b_A1.1.1,Asian SEA2b,China
KP319206,0,0,1353,1353,2013,Asian SEA2b_A1,Asian SEA2b,China
KP319207,0,10595,NA,1353,2013,Asian SEA2b_A1,Asian SEA2b,China
KP319208,0,0,1353,1353,2013,Asian SEA2b_A1.1.1,Asian SEA2b,China
KP319209,0,0,1353,1353,2013,Asian SEA2b_A1.1.1,Asian SEA2b,China
KP319210,0,0,1353,1353,2013,Asian SEA2b_A1.1.1,Asian SEA2b,China
KP319211,0,0,1353,1353,2013,Asian SEA2b_A1.1.1,Asian SEA2b,China
KP319212,0,0,1353,1353,2013,Asian SEA2b_A1.1.1,Asian SEA2b,China
KP319213,0,0,1353,1353,2013,Asian SEA2b_A1.1.1,Asian SEA2b,China
KP319214,0,0,1353,1353,2012,Asian SEA1b_A1.1.2,Asian SEA1b,China
KP319215,0,0,1353,1353,2012,Asian SEA1b_A1.1.2,Asian SEA1b,China
KP319216,0,0,1353,1353,2013,Asian SEA1b_A1.1.2,Asian SEA1b,China
KP319217,0,0,1353,1353,2013,Asian SEA1b_A1.1.2,Asian SEA1b,China
KP319218,0,0,1353,1353,2013,Asian SEA1b_A1.1.2,Asian SEA1b,China
KP319219,0,0,1353,1353,2013,Asian SEA1b_A1.1.2,Asian SEA1b,China
KP319220,0,0,1353,1353,2013,Asian SEA1b_A1.1.2,Asian SEA1b,China
KP319221,0,0,1353,1353,2010,Asian SEA1b_A1,Asian SEA1b,China
KP319222,0,0,1353,1353,2010,Asian SEA1b_A1,Asian SEA1b,China
KP319223,0,0,1353,1353,2010,Asian SEA1b_A1,Asian SEA1b,China
KP319224,0,0,1353,1353,2010,Asian SEA1b_A1,Asian SEA1b,China
KP319225,0,0,1353,1353,2011,Asian SEA1b_A1,Asian SEA1b,China
KP319226,0,0,1353,1353,2011,Asian SEA1b_A1,Asian SEA1b,China
KP319227,0,0,1353,1353,2011,Asian SEA1b_A1,Asian SEA1b,China
KP319228,0,0,1353,1353,2012,Asian SEA1b_A1,Asian SEA1b,China
KP319229,0,0,1353,1353,2012,Asian SEA1b_A1,Asian SEA1b,China
KP319230,0,0,1353,1353,2013,Asian SEA1b_A1,Asian SEA1b,China
KP319231,0,0,1353,1353,2013,Asian SEA1b_A1,Asian SEA1b,China
KP319232,0,0,1353,1353,2013,Asian SEA1b_A1,Asian SEA1b,China
KP319233,0,0,1353,1353,2013,Asian SEA1b_A1,Asian SEA1b,China
KP319234,0,0,1353,1353,2013,Asian SEA1b_A1,Asian SEA1b,China
KP319235,0,0,1353,1353,2013,Asian SEA1b_A1,Asian SEA1b,China
KP319236,0,0,1353,1353,2012,Asian SEA1b_A1.1.1,Asian SEA1b,China
KP319237,0,0,1353,1353,2013,Asian SEA1b_A1.1.1,Asian SEA1b,China
KP319238,0,0,1353,1353,2013,Asian SEA1b_A1.1.1,Asian SEA1b,China
KP319239,0,0,1353,1353,2013,Asian SEA1b_A1.1.1,Asian SEA1b,China
KP860137,0,0,1353,1353,2013,Asian SEA5_A1.2,Asian SEA5,Taiwan
KP860138,0,0,1353,1353,2013,Asian SEA5_A1,Asian SEA5,Taiwan
KP860139,0,0,1353,1353,2013,Asian SEA5_A1.2,Asian SEA5,Taiwan
KP860140,0,0,1353,1353,2013,Asian SEA5_A1.3,Asian SEA5,Taiwan
KP860141,0,0,1353,1353,2013,Asian SEA5_A1.2,Asian SEA5,Taiwan
KP860142,0,0,1353,1353,2013,Asian SEA5_A1.2,Asian SEA5,Taiwan
KP860143,0,0,1353,1353,2013,Asian SEA5_A1.2,Asian SEA5,Taiwan
KP860144,0,0,1353,1353,2013,Asian SEA5_A1.2,Asian SEA5,Taiwan
KP860145,0,0,1353,1353,2013,Asian SEA5_A1.2,Asian SEA5,Taiwan
KP860147,0,0,1353,1353,2013,Asian SEA5_A1.2,Asian SEA5,Taiwan
KP860148,0,0,1353,1353,2013,Asian SEA5_A1.2,Asian SEA5,Taiwan
KP860149,0,0,1353,1353,2013,Asian_A1,Asian SEA5,Taiwan
KP860150,0,0,1353,1353,2013,Asian SEA5_A1.1,Asian SEA5,Taiwan
KP860151,0,0,1353,1353,2013,Asian SEA5_A1.1.1,Asian SEA5,Taiwan
KP860153,0,0,1353,1353,2013,Asian_A1,Asian SEA5,Taiwan
KP860154,0,0,1353,1353,2013,Asian SEA5_A1.1.1,Asian SEA5,Taiwan
KP860156,0,0,1353,1353,2010,Asian SEA5_A1.1.1,Asian SEA5,Taiwan
KP860157,0,0,1353,1353,2012,Asian SEA5_A1.1,Asian SEA5,Taiwan
KP860159,0,0,1353,1353,2013,Asian SEA5_A1.1,Asian SEA5,Taiwan
KP860160,0,0,1353,1353,2013,Asian SEA5_A1.3,Asian SEA5,Taiwan
KP860161,0,0,1353,1353,2013,Asian SEA5_A1.3,Asian SEA5,Taiwan
KP860162,0,0,1353,1353,2013,Asian SEA5_A1.3,Asian SEA5,Taiwan
KP860163,0,0,1353,1353,2013,Asian SEA5_A1.1.1,Asian SEA5,Taiwan
KP860164,0,0,1353,1353,2013,Asian SEA5_A1.1.1,Asian SEA5,Taiwan
KP860165,0,0,1353,1353,2013,Asian SEA5_A1.1.1,Asian SEA5,Taiwan
KP860166,0,0,1353,1353,2013,Asian SEA5_A1.1.1,Asian SEA5,Taiwan
KP860168,0,0,1353,1353,2013,Asian SEA5_A1.1.1,Asian SEA5,Taiwan
KP860170,0,0,1353,1353,2013,Asian SEA5_A1.1.1,Asian SEA5,Taiwan
KP860171,0,0,1353,1353,2013,Asian SEA5_A1.2,Asian SEA5,Taiwan
KP860172,0,0,1353,1353,2013,Asian SEA5_A1.2,Asian SEA5,Taiwan
KP860173,0,0,1353,1353,2013,Asian SEA5_A1.2,Asian SEA5,Taiwan
KP860174,0,0,1353,1353,2013,Asian SEA5_A1.2,Asian SEA5,Taiwan
KP860175,0,0,1353,1353,2013,Asian SEA5_A1.2,Asian SEA5,Taiwan
KP860177,0,0,1353,1353,2013,Asian SEA5_A1.2,Asian SEA5,Taiwan
KP860178,0,0,1353,1353,2013,Asian SEA5_A1.3,Asian SEA5,Taiwan
KP860179,0,0,1353,1353,2013,Asian SEA5_A1.3,Asian SEA5,Taiwan
KP860180,0,0,1353,1353,2013,Asian SEA5_A1.3,Asian SEA5,Taiwan
KP860181,0,0,1353,1353,2013,Asian SEA5_A1.3,Asian SEA5,Taiwan
KP860182,0,0,1353,1353,2013,Asian SEA5_A1.3,Asian SEA5,Taiwan
KP860183,0,0,1353,1353,2013,Asian SEA5_A1.3,Asian SEA5,Taiwan
KP860184,0,0,1353,1353,2013,Asian SEA5_A1,Asian SEA5,Taiwan
KP881353,0,0,1353,1353,2013,Asian SEA5_A1.3,Asian SEA5,Taiwan
KP881355,0,0,1353,1353,2013,Asian SEA5_A1.1.1,Asian SEA5,Taiwan
KP892527,0,0,1353,1353,2014,Asian SEA5_A1,Asian SEA5,Taiwan
KP892528,0,0,1353,1353,2014,Asian SEA5_A1.1.1,Asian SEA5,Taiwan
KR230089,0,123,NA,NA,2015,Asian SEA1b_B1,Asian SEA1b,China
KR230090,0,123,NA,NA,2015,Asian SEA1b_B1,Asian SEA1b,China
KT221093,0,10595,NA,1353,2005,Asian_A1.1,Asian SEA1a,China
KT221094,0,10595,NA,1353,2005,Asian_A1.1,Asian SEA1a,China
KT221095,0,10595,NA,1353,2005,Asian_A1.1,Asian SEA1a,China
KT221096,0,0,1353,1353,2007,Asian SEA1b_C1.1,Asian SEA1b,China
KT221097,0,10595,NA,1353,2006,Asian_A1.1,Asian SEA1a,China
KT221098,0,1,1353,1352,2008,Asian SEA1b_C1.1,Asian SEA1b,China
KT221099,0,0,1353,1353,2008,Asian SEA1b_C1.1,Asian SEA1b,China
KT221100,0,10595,NA,1353,2005,Asian_A1.1,Asian SEA1a,China
KT221101,0,0,1353,1353,2005,Asian SEA1b_A1,Asian SEA1b,China
KT221102,0,0,1353,1353,2006,Asian SEA2a_A1.1.1,Asian SEA2a,China
KT221103,0,0,1353,1353,2014,Asian SEA1b_A1.1.1,Asian SEA1b,China
KT221104,0,0,1353,1353,2006,Asian SEA1b_A1.1.1,Asian SEA1b,China
KT221105,0,0,1353,1353,2008,Asian SEA1b_A1.1.1,Asian SEA1b,China
KT221106,0,1,1353,1352,2008,Asian SEA1b_A1.1.1,Asian SEA1b,China
KT221107,0,0,1353,1353,2009,Asian SEA2a_A1.1.1,Asian SEA2a,China
KT221108,0,0,1353,1353,2010,Asian SEA1b_A1.1.1,Asian SEA1b,China
KT221109,0,0,1353,1353,2008,Asian SEA1b_A1,Asian SEA1b,China
KT221110,0,0,1353,1353,2010,Asian SEA1b_A1.1.1,Asian SEA1b,China
KT221111,0,0,1353,1353,2007,Asian SEA1b_A1.1,Asian SEA1b,China
KT894557,0,0,1353,1353,2006,Asian SEA1b_A1,Asian SEA1b,China
KT894558,0,0,1353,1353,2005,Asian SEA2a_A1.1.1,Asian SEA2a,China
KT894559,0,0,1353,1353,2009,Asian SEA1b_A1.1.1,Asian SEA1b,China
KT894560,0,0,1353,1353,2010,Asian SEA1b_A1.1.1,Asian SEA1b,China
KT894561,0,0,1353,1353,2011,Asian SEA1b_A1.1.1,Asian SEA1b,China
KT894562,0,0,1353,1353,2011,Asian SEA1b_C1.1,Asian SEA1b,China
KT894563,0,1,1353,1352,2011,Asian SEA1b_C1.1,Asian SEA1b,China
KT894564,0,0,1353,1353,2008,Asian SEA1b_A1.1,Asian SEA1b,China
KT894565,0,0,1353,1353,2008,Asian SEA1b_C1.1,Asian SEA1b,China
KT894566,0,0,1353,1353,2011,Asian SEA1b_C1.1,Asian SEA1b,China
KT894567,0,0,1353,1353,2011,Asian SEA1b_A1.1.1,Asian SEA1b,China
KT894568,0,0,1353,1353,2013,Asian SEA1b_A1.1.1,Asian SEA1b,China
KT894569,0,0,1353,1353,2007,Asian SEA1b_A1,Asian SEA1b,China
KT894570,0,0,1353,1353,2011,Asian SEA1b_C1.1,Asian SEA1b,China
KT894571,0,0,1353,1353,2011,Asian SEA1b_C1.1,Asian SEA1b,China
KT894572,0,0,1353,1353,2010,Asian SEA2a_A1.1.1,Asian SEA2a,China
KT894573,0,0,1353,1353,2011,Asian SEA2a_A1.1.1,Asian SEA2a,China
KT894574,0,1,1353,1352,2014,Asian SEA1b_A1.1.1,Asian SEA1b,China
KT894575,0,0,1353,1353,2010,Asian SEA1b_A1,Asian SEA1b,China
KT894576,0,0,1353,1353,2009,Asian SEA1b_A1,Asian SEA1b,China
KT894577,0,0,1353,1353,2013,Asian SEA2a_B1,Asian SEA2a,China
KT894579,0,0,1353,1353,2010,Asian SEA1b_A1.1.1,Asian SEA1b,China
KT894580,0,0,1353,1353,2013,Asian SEA1b_A1.1.1,Asian SEA1b,China
KT894581,0,0,1353,1353,2011,Asian SEA1b_A1.1.1,Asian SEA1b,China
KT894583,0,0,1353,1353,2010,Asian SEA1b_A1.1.1,Asian SEA1b,China
KT894584,0,0,1353,1353,2013,Asian SEA1b_A1.1.1,Asian SEA1b,China
KT894585,0,0,1353,1353,2007,Asian SEA1b_A1.1.1,Asian SEA1b,China
KT932670,0,0,1353,1353,2014,Asian SEA1b_C1,Asian SEA1b,China
KT932671,0,0,1353,1353,2014,Asian SEA1b_C1,Asian SEA1b,China
KT932672,0,0,1353,1353,2014,Asian SEA1b_C1,Asian SEA1b,China
KT932673,0,0,1353,1353,2014,Asian SEA1b_C1,Asian SEA1b,China
KT932674,0,0,1353,1353,2014,Asian SEA1b_A1.1,Asian SEA1b,China
KT932675,0,0,1353,1353,2014,Asian SEA1b_A1.1,Asian SEA1b,China
KT932676,0,0,1353,1353,2014,Asian SEA1b_C1,Asian SEA1b,China
KT932677,0,0,1353,1353,2014,Asian SEA1b_C1,Asian SEA1b,China
KT932678,0,0,1353,1353,2014,Asian SEA1b_C1,Asian SEA1b,China
KT932679,0,0,1353,1353,2014,Asian SEA1b_C1,Asian SEA1b,China
KT932680,0,0,1353,1353,2014,Asian SEA1b_A1.1,Asian SEA1b,China
KT932681,0,0,1353,1353,2014,Asian SEA1b_C1,Asian SEA1b,China
KT932682,0,0,1353,1353,2014,Asian SEA1b_A1.1,Asian SEA1b,China
KT932683,0,0,1353,1353,2014,Asian SEA1b_C1,Asian SEA1b,China
KT932684,0,0,1353,1353,2014,Asian SEA1b_C1,Asian SEA1b,China
KT932685,0,0,1353,1353,2014,Asian SEA1b_C1,Asian SEA1b,China
KT932686,0,0,1353,1353,2015,Asian SEA1b_C1,Asian SEA1b,China
KT932687,0,0,1353,1353,2015,Asian SEA1b_C1,Asian SEA1b,China
KT932688,0,0,1353,1353,2015,Asian SEA1b_C1,Asian SEA1b,China
KT932689,0,0,1353,1353,2015,Asian SEA1b_C1,Asian SEA1b,China
KT932690,0,0,1353,1353,2015,Asian SEA1b_C1,Asian SEA1b,China
KT932691,0,0,1353,1353,2015,Asian SEA1b_C1,Asian SEA1b,China
KT932692,0,0,1353,1353,2015,Asian SEA1b_C1,Asian SEA1b,China
KT932693,0,0,1353,1353,2015,Asian SEA1b_C1,Asian SEA1b,China
KT932694,0,0,1353,1353,2015,Asian SEA1b_C1,Asian SEA1b,China
KT932695,0,0,1353,1353,2015,Asian SEA1b_C1,Asian SEA1b,China
KT932696,0,0,1353,1353,2015,Asian SEA1b_A1.1,Asian SEA1b,China
KT932697,0,0,1353,1353,2015,Asian SEA1b_A1.1,Asian SEA1b,China
KT932698,0,0,1353,1353,2015,Asian SEA1b_C1,Asian SEA1b,China
KU198994,0,0,1353,1353,2015,Asian SEA1b_A1.1.1,Asian SEA1b,China
KU198995,0,0,1353,1353,2015,Asian SEA1b_A1.1.1,Asian SEA1b,China
KU314706,0,0,1353,1353,2014,Asian SEA1b_A1.1.1,Asian SEA1b,China
KU314707,0,0,1353,1353,2015,Asian SEA1b_A1.1.1,Asian SEA1b,China
KU314708,0,0,1353,1353,2015,Asian SEA1b_A1.1.1,Asian SEA1b,China
KU314709,0,0,1353,1353,2015,Asian SEA1b_A1.1.1,Asian SEA1b,China
KU314710,0,0,1353,1353,2015,Asian SEA1b_A1.1.1,Asian SEA1b,China
KU314712,0,0,1353,1353,2015,Asian SEA1b_A1.1.1,Asian SEA1b,China
KU314713,0,0,1353,1353,2015,Asian SEA1b_A1.1.1,Asian SEA1b,China
KU314714,0,0,1353,1353,2015,Asian SEA2a_A1.1.1,Asian SEA2a,China
KU314715,0,0,1353,1353,2015,Asian SEA2a_A1.1.1,Asian SEA2a,China
KU928249,0,0,1353,1353,2015,Asian SEA1b_A1.1.1,Asian SEA1b,China
KU928250,0,0,1353,1353,2015,Asian SEA1b_A1.1.1,Asian SEA1b,China
KU946961,0,2,NA,NA,2009,Asian_A1.1,Asian SEA2a,China
KU963492,0,6,1353,1347,1983,Asian SEA3_A1.1,Asian SEA3,-
KX096992,0,0,1353,1353,2015,Asian SEA1b_A1.1,Asian SEA1b,China
KX096993,0,0,1353,1353,2015,Asian SEA1b_C1,Asian SEA1b,China
KX096994,0,0,1353,1353,2015,Asian SEA1b_C1,Asian SEA1b,China
KX096995,0,0,1353,1353,2015,Asian SEA1b_C1,Asian SEA1b,China
KX096996,0,0,1353,1353,2015,Asian SEA1b_C1,Asian SEA1b,China
KX096997,0,0,1353,1353,2015,Asian SEA1b_C1,Asian SEA1b,China
KX096998,0,0,1353,1353,2015,Asian SEA1b_C1,Asian SEA1b,China
KX096999,0,0,1353,1353,2015,Asian SEA1b_C1,Asian SEA1b,China
KX097000,0,0,1353,1353,2015,Asian SEA1b_C1,Asian SEA1b,China
KX148247,0,123,NA,NA,1999,Asian SEA3_A1,Asian SEA3,Myanmar
KX148248,0,123,NA,NA,1999,Asian SEA3_A1,Asian SEA3,Myanmar
KX148249,0,123,NA,NA,1998,Asian SEA3_A1.1,Asian SEA3,Cambodia
KX148250,0,123,NA,NA,1999,Asian SEA3_A1.1,Asian SEA3,Cambodia
KX148251,0,123,NA,NA,1998,Asian SEA3_A1.1,Asian SEA3,Cambodia
KX148252,0,124,NA,NA,1999,Asian SEA3_A1.1,Asian SEA3,Cambodia
KX148253,0,123,NA,NA,1998,Asian SEA3_A1.1,Asian SEA3,Cambodia
KX148254,0,123,NA,NA,2001,Asian SEA3_A1.1,Asian SEA3,Vietnam
KX148255,0,123,NA,NA,1999,Asian SEA3_A1,Asian SEA3,Lao
KX148256,0,123,NA,NA,2002,Asian SEA3_A1,Asian SEA3,Lao
KX148257,0,123,NA,NA,2002,Asian SEA3_A1,Asian SEA3,Lao
KX148258,0,123,NA,NA,2002,Asian SEA3_A1,Asian SEA3,Lao
KX148259,0,124,NA,NA,1994,Asian SEA4_A1,Asian SEA4,Philippines
KX148260,0,124,NA,NA,2004,Asian SEA4_A1,Asian SEA4,Philippines
KX148261,0,124,NA,NA,1994,Asian SEA4_A1,Asian SEA4,Philippines
KX148262,0,125,NA,NA,1994,Asian SEA4_A1,Asian SEA4,Philippines
KX148263,0,124,NA,NA,1994,Asian SEA4_A1,Asian SEA4,Philippines
KX148264,0,124,NA,NA,1994,Asian_A1.1.1,Asian SEA2a,China
KX148265,0,123,NA,NA,1998,Asian SEA1b_A1.1.1,Asian SEA1b,China
KX148266,0,151,NA,11797,2003,Asian_A1.1,Asian SEA1b,Indonesia
KX148267,0,167,NA,11781,1992,Asian_A1.1,Asian SEA1a,China
KX447686,0,0,1353,1353,2014,Asian SEA1b_A1.1.1,Asian SEA1b,China
KX447687,0,0,1353,1353,2014,Asian SEA1b_C1,Asian SEA1b,China
KX447688,0,0,1353,1353,2014,Asian SEA1b_A1,Asian SEA1b,China
KX447689,0,0,1353,1353,2014,Asian SEA1b_A1,Asian SEA1b,China
KY214264,0,0,1353,1353,2015,Asian SEA1b_A1.1.1,Asian SEA1b,China
KY214265,0,0,1353,1353,2015,Asian SEA1b_A1.1.1,Asian SEA1b,China
KY214266,0,0,1353,1353,2015,Asian SEA1b_A1.1.1,Asian SEA1b,China
KY214267,0,0,1353,1353,2015,Asian SEA1b_A1.1.1,Asian SEA1b,China
KY214268,0,0,1353,1353,2016,Asian SEA1b_A1.1.1,Asian SEA1b,China
KY214269,0,0,1353,1353,2016,Asian SEA1b_A1.1.1,Asian SEA1b,China
KY214270,0,0,1353,1353,2016,Asian SEA1b_A1.1.1,Asian SEA1b,China
KY214271,0,0,1353,1353,2016,Asian SEA1b_A1.1.1,Asian SEA1b,China
KY214272,0,0,1353,1353,2016,Asian SEA1b_A1.1.1,Asian SEA1b,China
KY214273,0,0,1353,1353,2016,Asian SEA1b_A1.1.1,Asian SEA1b,China
KY214274,0,0,1353,1353,2016,Asian SEA1b_A1.1.1,Asian SEA1b,China
KY214275,0,0,1353,1353,2016,Asian SEA1b_A1.1.1,Asian SEA1b,China
KY214276,0,0,1353,1353,2016,Asian SEA1b_A1.1.1,Asian SEA1b,China
KY214278,0,0,1353,1353,2016,Asian SEA1b_A1.1.1,Asian SEA1b,China
KY214279,0,0,1353,1353,2016,Asian SEA1b_A1.1.1,Asian SEA1b,China
KY214280,0,0,1353,1353,2016,Asian SEA1b_A1.1.1,Asian SEA1b,China
KY214281,0,0,1353,1353,2016,Asian SEA1b_A1.1.1,Asian SEA1b,China
KY214283,0,0,1353,1353,2016,Asian SEA1b_A1.1.1,Asian SEA1b,China
KY214284,0,0,1353,1353,2016,Asian SEA1b_A1.1.1,Asian SEA1b,China
KY214285,0,0,1353,1353,2016,Asian SEA1b_A1.1.1,Asian SEA1b,China
KY214286,0,0,1353,1353,2016,Asian SEA1b_A1.1.1,Asian SEA1b,China
KY214287,0,0,1353,1353,2016,Asian SEA1b_A1.1.1,Asian SEA1b,China
KY362746,0,0,1353,1353,2016,Asian SEA1b_A1.1.1,Asian SEA1b,China
KY362747,0,0,1353,1353,2016,Asian SEA1b_A1.1.1,Asian SEA1b,China
KY362748,0,0,1353,1353,2016,Asian SEA1b_A1.1.1,Asian SEA1b,China
KY428870,0,0,1353,1353,2016,Asian SEA1b_A1,Asian SEA1b,China
KY428871,0,0,1353,1353,2016,Asian SEA1b_A1,Asian SEA1b,China
KY428872,0,0,1353,1353,2016,Asian SEA1b_A1,Asian SEA1b,China
KY428873,0,0,1353,1353,2016,Asian SEA1b_A1,Asian SEA1b,China
KY428874,0,0,1353,1353,2016,Asian SEA1b_A1,Asian SEA1b,China
KY428875,0,0,1353,1353,2016,Asian SEA1b_A1,Asian SEA1b,China
KY428876,0,0,1353,1353,2016,Asian SEA1b_A1,Asian SEA1b,China
KY428877,0,0,1353,1353,2016,Asian SEA1b_A1,Asian SEA1b,China
KY428878,0,0,1353,1353,2016,Asian SEA1b_A1,Asian SEA1b,China
KY428879,0,0,1353,1353,2016,Asian SEA1b_A1,Asian SEA1b,China
KY451767,0,2,NA,NA,2015,Asian_A1.1.1,Asian SEA2a,China
KY613017,0,0,1353,1353,2015,Asian SEA1b_A1.1.1,Asian SEA1b,China
KY613018,0,0,1353,1353,2015,Asian SEA1b_A1.1.1,Asian SEA1b,China
KY613019,0,0,1353,1353,2015,Asian SEA1b_A1,Asian SEA1b,China
KY613020,0,0,1353,1353,2015,Asian SEA1b_C1,Asian SEA1b,China
KY780299,0,124,NA,NA,2017,Asian SEA1b_A1.1.1,Asian SEA1b,China
LC455965,0,0,1353,1353,2011,Asian SEA1b_A1.1.1,Asian SEA1b,China
LC455966,0,0,1353,1353,2011,Asian SEA1b_A1.1.1,Asian SEA1b,China
LC455967,0,0,1353,1353,2012,Asian SEA1b_A1.1.1,Asian SEA1b,China
LC455968,0,0,1353,1353,2012,Asian SEA1b_C1,Asian SEA1b,China
LC455969,0,0,1353,1353,2012,Asian SEA1b_A1.1.1,Asian SEA1b,China
LC455970,0,0,1353,1353,2012,Asian SEA1b_A1.1.1,Asian SEA1b,China
LC455971,0,0,1353,1353,2012,Asian SEA1b_A1.1,Asian SEA1b,China
LC455972,0,0,1353,1353,2012,Asian SEA1b_C1,Asian SEA1b,China
LC455973,0,0,1353,1353,2013,Asian SEA1b_C1,Asian SEA1b,China
LC455974,0,0,1353,1353,2014,Asian SEA1b_A1.1.1,Asian SEA1b,China
LC455975,0,0,1353,1353,2015,Asian SEA1b_A1.1,Asian SEA1b,China
LC455976,0,0,1353,1353,2015,Asian SEA1b_C1,Asian SEA1b,China
LC455977,0,0,1353,1353,2016,Asian SEA1b_C1,Asian SEA1b,China
LC455978,0,0,1353,1353,2016,Asian SEA1b_A1.1.1,Asian SEA1b,China
LC455979,0,0,1353,1353,2016,Asian SEA1b_A1.1.1,Asian SEA1b,China
LC455980,0,0,1353,1353,2016,Asian SEA1b_A1.1.1,Asian SEA1b,China
LC455981,0,0,1353,1353,2016,Asian SEA1b_A1.1,Asian SEA1b,China
LC455982,0,0,1353,1353,2016,Asian SEA1b_A1.1.1,Asian SEA1b,China
LC455983,0,0,1353,1353,2016,Asian SEA1b_A1.1.1,Asian SEA1b,China
LC455984,0,0,1353,1353,2017,Asian SEA1b_C1,Asian SEA1b,China
LC455985,0,0,1353,1353,2017,Asian SEA1b_A1.1.1,Asian SEA1b,China
LC455986,0,0,1353,1353,2017,Asian SEA1b_C1,Asian SEA1b,China
LC455987,0,0,1353,1353,2017,Asian SEA1b_C1,Asian SEA1b,China
LC550018,0,0,1353,1353,2019,Asian SEA4_A1.2,Asian SEA4,Philippines
LC550019,0,0,1353,1353,2019,Asian SEA4_A1.2,Asian SEA4,Philippines
LC550020,0,0,1353,1353,2019,Asian SEA4_A1.2,Asian SEA4,Philippines
LC550021,0,0,1353,1353,2019,Asian SEA4_A1.2,Asian SEA4,Philippines
LC550022,0,0,1353,1353,2019,Asian SEA4_A1.2,Asian SEA4,Philippines
LC550023,0,0,1353,1353,2019,Asian SEA4_A1.2,Asian SEA4,Philippines
LC550024,0,0,1353,1353,2019,Asian SEA4_A1.2,Asian SEA4,Philippines
LC550025,0,0,1353,1353,2019,Asian SEA4_A1.2,Asian SEA4,Philippines
LC550026,0,0,1353,1353,2019,Asian SEA4_A1.2,Asian SEA4,Philippines
LC550027,0,0,1353,1353,2019,Asian SEA4_A1.2,Asian SEA4,Philippines
LC571945,0,125,NA,NA,2006,Asian SEA4_A1,Asian SEA4,Japan
LC571946,0,125,NA,NA,2020,Asian SEA4_A1,Asian SEA4,-
LC717422,0,44,NA,11904,1963,Asian SEA3_A1.1,Asian SEA3,Thailand
LC717423,0,42,NA,11906,1985,Asian SEA3_A1,Asian SEA3,Thailand
LC717424,0,54,NA,11894,1985,Asian SEA3_A1,Asian SEA3,Thailand
LC717425,0,43,NA,11905,1985,Asian SEA5_A1.3,Asian SEA3,Thailand
LC717426,0,64,NA,11884,1976,Asian SEA3_A1.1,Asian SEA3,Thailand
LC717427,0,71,NA,11877,1977,Asian SEA3_A1.1,Asian SEA3,Thailand
LC717428,0,113,NA,11835,1977,Asian SEA3_A1.1,Asian SEA3,Thailand
MF459637,0,0,1353,1353,2015,Asian SEA1b_A1,Asian SEA1b,China
MF459638,0,0,1353,1353,2015,Asian SEA1b_A1,Asian SEA1b,China
MF476106,0,201,NA,NA,2015,Asian SEA1b_A1.1,Asian SEA1b,China
MF611868,0,0,1353,1353,2015,Asian SEA1b_C1,Asian SEA1b,China
MF611869,0,0,1353,1353,2011,Asian SEA1b_C1,Asian SEA1b,China
MF624630,0,0,1353,1353,2017,Asian SEA2a_A1.1.1,Asian SEA2a,China
MF741703,0,0,1353,1353,2015,Asian SEA1b_A1.1.1,Asian SEA1b,China
MF741704,0,0,1353,1353,2015,Asian SEA1b_A1.1.1,Asian SEA1b,China
MG201875,0,0,1353,1353,2012,Asian SEA1b_A1.1,Asian SEA1b,China
MG201876,0,0,1353,1353,2010,Asian SEA1b_A1,Asian SEA1b,China
MG201877,0,0,1353,1353,2010,Asian SEA1b_A1.1,Asian SEA1b,China
MG201878,0,0,1353,1353,2010,Asian SEA1b_A1,Asian SEA1b,China
MG201879,0,0,1353,1353,2010,Asian SEA2a_B1,Asian SEA2a,China
MG201880,0,0,1353,1353,2010,Asian SEA2a_B1,Asian SEA2a,China
MG201881,0,0,1353,1353,2010,Asian SEA1b_A1,Asian SEA1b,China
MG201882,0,0,1353,1353,2011,Asian SEA1b_A1.1,Asian SEA1b,China
MG201883,0,0,1353,1353,2012,Asian SEA1b_A1.1,Asian SEA1b,China
MG201884,0,0,1353,1353,2012,Asian SEA2a_B1,Asian SEA2a,China
MG201919,0,2,NA,NA,2011,Asian_A1.1.1,Asian SEA2a,China
MG201920,0,1,NA,NA,2010,Asian SEA3_A1,Asian SEA3,China
MG201921,0,3,NA,NA,2012,Asian_A1.1.1,Asian SEA2a,China
MG201922,0,124,NA,NA,2012,Asian SEA1b_A1,Asian SEA1b,China
MG201923,0,123,NA,NA,2003,Asian SEA1b_A1,Asian SEA1b,China
MG383883,0,0,1353,1353,2016,Asian SEA1b_C1.1,Asian SEA1b,China
MG383884,0,0,1353,1353,2016,Asian SEA1b_A1.1.1,Asian SEA1b,China
MG383885,0,0,1353,1353,2016,Asian SEA1b_A1.1.1,Asian SEA1b,China
MG383887,0,0,1353,1353,2017,Asian SEA1b_C1.1,Asian SEA1b,China
MG383888,0,0,1353,1353,2017,Asian SEA1b_C1.1,Asian SEA1b,China
MG458321,0,123,NA,NA,2018,Asian SEA1b_A1.1,Asian SEA1b,China
MH746442,0,0,1353,1353,2016,Asian SEA1b_C1,Asian SEA1b,China
MK124732,0,0,1353,1353,2016,Asian SEA1b_A1.1.1,Asian SEA1b,China
MK124733,0,0,1353,1353,2016,Asian SEA1b_A1.1.1,Asian SEA1b,China
MK124734,0,0,1353,1353,2017,Asian SEA1b_A1.1.1,Asian SEA1b,China
MK124736,0,0,1353,1353,2017,Asian SEA1b_C1,Asian SEA1b,China
MK124742,0,0,1353,1353,2018,Asian SEA1b_A1.1,Asian SEA1b,China
MK124743,0,0,1353,1353,2018,Asian SEA1b_A1.1.1,Asian SEA1b,China
MK124757,0,0,1353,1353,2017,Asian SEA1b_A1.1,Asian SEA1b,China
MK510916,0,0,1353,1353,2017,Asian SEA1b_A1.1.1,Asian SEA1b,China
MK510917,0,0,1353,1353,2017,Asian SEA1b_A1.1.1,Asian SEA1b,China
MK510918,0,0,1353,1353,2017,Asian SEA1b_B1,Asian SEA1b,China
MK510919,0,0,1353,1353,2017,Asian SEA1b_A1.1.1,Asian SEA1b,China
MK510920,0,0,1353,1353,2017,Asian SEA1b_A1.1.1,Asian SEA1b,China
MK510921,0,0,1353,1353,2017,Asian SEA1b_A1.1.1,Asian SEA1b,China
MK510922,0,0,1353,1353,2017,Asian SEA1b_A1.1.1,Asian SEA1b,China
MK510923,0,0,1353,1353,2017,Asian SEA1b_A1.1.1,Asian SEA1b,China
MK510924,0,0,1353,1353,2017,Asian SEA1b_A1.1.1,Asian SEA1b,China
MK514264,0,0,1353,1353,2018,Asian SEA1b_A1.1.1,Asian SEA1b,China
MK514265,0,0,1353,1353,2018,Asian SEA1b_A1.1.1,Asian SEA1b,China
MK514266,0,0,1353,1353,2018,Asian SEA1b_A1.1.1,Asian SEA1b,China
MK514267,0,0,1353,1353,2018,Asian SEA1b_A1.1.1,Asian SEA1b,China
MK514268,0,0,1353,1353,2018,Asian SEA1b_A1.1.1,Asian SEA1b,China
MK514269,0,0,1353,1353,2018,Asian SEA1b_A1.1.1,Asian SEA1b,China
MK514270,0,0,1353,1353,2018,Asian SEA1b_A1.1.1,Asian SEA1b,China
MK514271,0,0,1353,1353,2018,Asian SEA1b_A1.1.1,Asian SEA1b,China
MK514272,0,0,1353,1353,2018,Asian SEA1b_A1.1.1,Asian SEA1b,China
MK514273,0,0,1353,1353,2018,Asian SEA1b_A1.1.1,Asian SEA1b,China
MK567666,0,123,NA,NA,2013,Asian SEA1b_B1,Asian SEA1b,China
MK577649,0,123,NA,NA,2015,Asian SEA1b_B1,Asian SEA1b,China
MK689674,0,159,NA,NA,2017,Asian SEA1b_A1.1.1,Asian SEA1b,China
MK689675,0,158,NA,NA,2017,Asian SEA1b_A1.1.1,Asian SEA1b,China
MK689676,0,159,NA,NA,2017,Asian SEA1b_B1,Asian SEA1b,China
MN075931,0,2,NA,NA,1999,Asian SEA3_A1.1,Asian SEA3,Thailand
MN175989,0,123,NA,NA,2019,Asian SEA1b_A1.1.1,Asian SEA1b,China
MN186249,0,124,NA,NA,2018,Asian SEA1b_A1,Asian SEA1b,China
MN186250,0,126,NA,NA,2018,Asian SEA1b_A1,Asian SEA1b,China
MN510449,0,0,1353,1353,2013,Asian SEA1b_A1.1.1,Asian SEA1b,China
MN510450,0,0,1353,1353,2012,Asian SEA1b_A1.1.1,Asian SEA1b,China
MN510451,0,0,1353,1353,2012,Asian SEA1b_A1.1.1,Asian SEA1b,China
MN510452,0,0,1353,1353,2010,Asian SEA1b_A1.1.1,Asian SEA1b,China
MN510453,0,0,1353,1353,2010,Asian SEA1b_A1.1.1,Asian SEA1b,China
MN510454,0,0,1353,1353,2011,Asian SEA1b_A1.1.1,Asian SEA1b,China
MN510455,0,0,1353,1353,2010,Asian SEA1b_A1.1.1,Asian SEA1b,China
MN510456,0,0,1353,1353,2015,Asian SEA1b_A1.1.1,Asian SEA1b,China
MN510457,0,0,1353,1353,2010,Asian SEA1b_A1.1.1,Asian SEA1b,China
MN510458,0,0,1353,1353,2011,Asian SEA1b_A1.1.1,Asian SEA1b,China
MN510459,0,0,1353,1353,2014,Asian SEA1b_C1,Asian SEA1b,China
MN510460,0,0,1353,1353,2011,Asian SEA1b_C1,Asian SEA1b,China
MN510461,0,0,1353,1353,2010,Asian SEA1b_C1,Asian SEA1b,China
MN726836,7,124,NA,NA,2013,Asian SEA4_A1.1,Asian SEA4,Philippines
MN726837,1,312,NA,NA,2013,Asian SEA4_A1.1.2,Asian SEA4,Philippines
MN726839,2,124,NA,NA,2015,Asian SEA4_A1.1.2,Asian SEA4,Philippines
MN726840,25,529,NA,NA,2015,Asian SEA4_A1.1,Asian SEA4,Philippines
MN726841,7,348,NA,NA,2014,Asian SEA4_A1,Asian SEA4,Philippines
MN726842,0,312,NA,NA,2019,Asian SEA4_A1.2,Asian SEA4,Philippines
MN726843,87,313,NA,NA,2012,Asian SEA4_A1.1,Asian SEA4,Philippines
MN726845,3,519,NA,NA,2012,Asian SEA4_A1.2,Asian SEA4,Philippines
MN726848,6,529,NA,NA,2016,Asian SEA4_A1.1.2,Asian SEA4,Philippines
MN726850,3,0,1353,1350,2015,Asian SEA4_A1.2,Asian SEA4,Philippines
MN726852,0,312,NA,NA,2018,Asian SEA4_A1.2,Asian SEA4,Philippines
MN726854,14,228,NA,NA,2015,Asian SEA4_A1.1.2,Asian SEA4,Philippines
MN726855,180,312,NA,NA,2016,Asian SEA4_A1.1.2,Asian SEA4,Philippines
MN726856,0,0,1353,1353,2012,Asian SEA4_A1.1.2,Asian SEA4,Philippines
MN726858,9,500,NA,NA,2016,Asian SEA4_A1.1,Asian SEA4,Philippines
MN726860,2,312,NA,NA,2018,Asian SEA4_A1.2,Asian SEA4,Philippines
MN726861,6,175,NA,NA,2015,Asian SEA4_A1.1.2,Asian SEA4,Philippines
MN726862,7,312,NA,NA,2013,Asian SEA4_A1.1,Asian SEA4,Philippines
MN726866,27,200,NA,NA,2014,Asian SEA4_A1.1,Asian SEA4,Philippines
MN726870,0,0,1353,1353,2014,Asian SEA4_A1,Asian SEA4,Philippines
MN726873,3,124,NA,NA,2014,Asian SEA4_A1.1,Asian SEA4,Philippines
MN726874,185,529,NA,NA,2012,Asian SEA4_A1.1,Asian SEA4,Philippines
MN726875,3,312,NA,NA,2018,Asian SEA4_A1.2,Asian SEA4,Philippines
MN726876,1,312,NA,NA,2018,Asian SEA4_A1.2,Asian SEA4,Philippines
MN726879,29,124,NA,NA,2012,Asian SEA4_A1,Asian SEA4,Philippines
MN726880,0,312,NA,NA,2019,Asian SEA4_A1.2,Asian SEA4,Philippines
MN726881,4,529,NA,NA,2015,Asian SEA4_A1.1.2,Asian SEA4,Philippines
MN857167,0,124,NA,NA,2019,Asian SEA4_A1.2,Asian SEA4,Philippines
MN857168,0,124,NA,NA,2019,Asian SEA4_A1.2,Asian SEA4,Philippines
MN857169,0,124,NA,NA,2019,Asian SEA4_A1.1.2,Asian SEA4,Philippines
MN857170,0,126,NA,NA,2019,Asian SEA4_A1.2,Asian SEA4,Philippines
MN857171,0,124,NA,NA,2019,Asian SEA4_A1.2,Asian SEA4,Philippines
MT068573,0,10595,NA,1353,2018,Asian SEA1b_A1.1,Asian SEA1b,China
MT068574,0,10595,NA,1353,2018,Asian SEA1b_C1,Asian SEA1b,China
MT068575,0,10595,NA,1353,2018,Asian SEA1b_C1,Asian SEA1b,China
MT068576,0,10595,NA,1353,2018,Asian SEA1b_C1,Asian SEA1b,China
MT068577,0,10595,NA,1353,2018,Asian SEA1b_C1.2.1,Asian SEA1b,China
MT068578,0,10595,NA,1353,2018,Asian SEA1b_C1.2.1,Asian SEA1b,China
MT068579,0,10595,NA,1353,2018,Asian SEA1b_C1,Asian SEA1b,China
MT068604,0,10595,NA,1353,2017,Asian SEA1b_C1.2.1,Asian SEA1b,China
MT068605,0,10595,NA,1353,2017,Asian SEA1b_C1.2.1,Asian SEA1b,China
MT068606,0,10595,NA,1353,2017,Asian SEA1b_C1.2.1,Asian SEA1b,China
MT068607,0,10595,NA,1353,2017,Asian SEA1b_A1.1,Asian SEA1b,China
MT068608,0,10595,NA,1353,2017,Asian SEA1b_C1,Asian SEA1b,China
MT068609,0,10595,NA,1353,2017,Asian SEA1b_C1.2,Asian SEA1b,China
MT068610,0,10595,NA,1353,2017,Asian SEA1b_C1,Asian SEA1b,China
MT068611,0,10595,NA,1353,2017,Asian SEA1b_C1.2.1,Asian SEA1b,China
MT068612,0,10595,NA,1353,2017,Asian SEA2b_A1.1,Asian SEA2b,China
MT068613,0,10595,NA,1353,2017,Asian SEA1b_C1.2.1,Asian SEA1b,China
MT068614,0,10595,NA,1353,2017,Asian SEA1b_C1.2.1,Asian SEA1b,China
MT068615,0,10595,NA,1353,2017,Asian SEA2b_A1.1.1,Asian SEA2b,China
MT068616,0,10595,NA,1353,2017,Asian SEA1b_A1.1,Asian SEA1b,China
MT068617,0,10595,NA,1353,2017,Asian SEA1b_C1.2,Asian SEA1b,China
MT068618,0,10595,NA,1353,2017,Asian SEA1b_C1,Asian SEA1b,China
MT068619,0,10595,NA,1353,2017,Asian SEA1b_C1.2,Asian SEA1b,China
MT068620,0,10595,NA,1353,2017,Asian SEA1b_C1,Asian SEA1b,China
MT068621,0,10595,NA,1353,2017,Asian SEA1b_C1,Asian SEA1b,China
MT068622,0,10595,NA,1353,2017,Asian SEA1b_C1,Asian SEA1b,China
MT068623,0,10595,NA,1353,2017,Asian SEA1b_C1,Asian SEA1b,China
MT068624,0,10595,NA,1353,2017,Asian SEA1b_C1,Asian SEA1b,China
MT068625,0,10595,NA,1353,2017,Asian SEA1b_A1.1.1,Asian SEA1b,China
MT068626,0,10595,NA,1353,2017,Asian SEA1b_C1,Asian SEA1b,China
MT068627,0,10595,NA,1353,2017,Asian SEA1b_C1.2.1,Asian SEA1b,China
MT241241,0,0,1353,1353,2019,Asian SEA1b_A1.1.1,Asian SEA1b,China
MT241242,0,0,1353,1353,2019,Asian SEA1b_A1.1,Asian SEA1b,China
MT241243,0,0,1353,1353,2019,Asian SEA1b_A1.1.1,Asian SEA1b,China
MT241244,0,0,1353,1353,2019,Asian SEA1b_A1.1.1,Asian SEA1b,China
MT241245,0,0,1353,1353,2019,Asian SEA1b_A1.1.1,Asian SEA1b,China
MT241246,0,0,1353,1353,2019,Asian SEA1b_A1.1.1,Asian SEA1b,China
MT241247,0,0,1353,1353,2019,Asian SEA1b_A1.1.1,Asian SEA1b,China
MT241248,0,0,1353,1353,2019,Asian SEA1b_A1.1,Asian SEA1b,China
MT332714,0,0,1353,1353,2019,Asian SEA1b_A1.1,Asian SEA1b,China
MT818428,0,10595,NA,1353,2015,Asian SEA1b_C1,Asian SEA1b,China
MT818429,0,10595,NA,1353,2015,Asian SEA1b_C1,Asian SEA1b,China
MT818430,0,10595,NA,1353,2015,Asian SEA1b_C1,Asian SEA1b,China
MT818431,0,10595,NA,1353,2015,Asian SEA1b_C1,Asian SEA1b,China
MT818432,0,10595,NA,1353,2015,Asian SEA1b_C1,Asian SEA1b,China
MT818433,0,10595,NA,1353,2015,Asian SEA1b_C1,Asian SEA1b,China
MT818434,0,10595,NA,1353,2016,Asian SEA1b_C1.1,Asian SEA1b,China
MT818435,0,10597,NA,1351,2016,Asian SEA1b_C1,Asian SEA1b,China
MT818436,0,10595,NA,1353,2016,Asian SEA1b_C1,Asian SEA1b,China
MT818437,0,10595,NA,1353,2016,Asian SEA1b_C1,Asian SEA1b,China
MT818438,0,10595,NA,1353,2016,Asian SEA1b_C1,Asian SEA1b,China
MT818439,0,10595,NA,1353,2016,Asian SEA1b_C1,Asian SEA1b,China
MT818440,0,10595,NA,1353,2016,Asian SEA1b_C1,Asian SEA1b,China
MT818441,0,10595,NA,1353,2016,Asian SEA1b_C1,Asian SEA1b,China
MT818442,0,10595,NA,1353,2016,Asian SEA1b_C1,Asian SEA1b,China
MT818443,0,10595,NA,1353,2016,Asian SEA1b_C1,Asian SEA1b,China
MT818444,0,10595,NA,1353,2016,Asian SEA1b_C1,Asian SEA1b,China
MT818445,0,10595,NA,1353,2016,Asian SEA1b_C1,Asian SEA1b,China
MT818446,0,10595,NA,1353,2017,Asian SEA1b_C1,Asian SEA1b,China
MT818447,0,10595,NA,1353,2017,Asian SEA1b_C1,Asian SEA1b,China
MT818448,0,10595,NA,1353,2017,Asian SEA1b_C1,Asian SEA1b,China
MT818449,0,10595,NA,1353,2017,Asian SEA1b_C1,Asian SEA1b,China
MT818450,0,10595,NA,1353,2017,Asian SEA1b_C1,Asian SEA1b,China
MT818451,0,10595,NA,1353,2017,Asian SEA1b_C1,Asian SEA1b,China
MT818452,0,10595,NA,1353,2017,Asian SEA1b_C1,Asian SEA1b,China
MT818453,0,10595,NA,1353,2017,Asian SEA1b_C1,Asian SEA1b,China
MT818454,0,10595,NA,1353,2017,Asian SEA1b_C1,Asian SEA1b,China
MT818455,0,10595,NA,1353,2017,Asian SEA1b_C1,Asian SEA1b,China
MT818456,0,10595,NA,1353,2018,Asian SEA1b_C1,Asian SEA1b,China
MT818457,0,10595,NA,1353,2018,Asian SEA1b_C1,Asian SEA1b,China
MT818458,0,10595,NA,1353,2018,Asian SEA1b_C1,Asian SEA1b,China
MT818459,0,10595,NA,1353,2018,Asian SEA1b_C1,Asian SEA1b,China
MT818460,0,10595,NA,1353,2018,Asian SEA1b_C1,Asian SEA1b,China
MT818461,0,10597,NA,1351,2018,Asian SEA1b_A1.1,Asian SEA1b,China
MT818462,0,10595,NA,1353,2018,Asian SEA1b_C1,Asian SEA1b,China
MT818463,0,10595,NA,1353,2019,Asian SEA1b_B1,Asian SEA1b,China
MT818464,0,10595,NA,1353,2019,Asian SEA1b_C1,Asian SEA1b,China
MT818465,0,10595,NA,1353,2019,Asian SEA1b_C1,Asian SEA1b,China
MT818466,0,10595,NA,1353,2019,Asian SEA1b_C1,Asian SEA1b,China
MW055214,0,0,1353,1353,2017,Asian SEA1b_C1,Asian SEA1b,Vietnam
MW055215,0,0,1353,1353,2017,Asian SEA1b_C1,Asian SEA1b,Vietnam
MW055216,0,0,1353,1353,2017,Asian SEA1b_C1,Asian SEA1b,Vietnam
MW055217,0,0,1353,1353,2017,Asian SEA1b_C1,Asian SEA1b,Vietnam
MW055218,0,0,1353,1353,2017,Asian SEA1b_C1,Asian SEA1b,Vietnam
MW055219,0,0,1353,1353,2017,Asian SEA1b_C1,Asian SEA1b,Vietnam
MW055220,0,0,1353,1353,2018,Asian SEA1b_C1,Asian SEA1b,Vietnam
MW055221,0,0,1353,1353,2018,Asian SEA1b_C1,Asian SEA1b,Vietnam
MW055222,0,0,1353,1353,2018,Asian SEA1b_C1,Asian SEA1b,Vietnam
MW055223,0,0,1353,1353,2018,Asian SEA1b_C1,Asian SEA1b,Vietnam
MW055224,0,0,1353,1353,2017,Asian SEA1b_C1,Asian SEA1b,Vietnam
MW055225,0,0,1353,1353,2017,Asian SEA1b_C1,Asian SEA1b,Vietnam
MW055226,0,0,1353,1353,2017,Asian SEA1b_C1,Asian SEA1b,Vietnam
MW055227,0,0,1353,1353,2017,Asian SEA1b_C1,Asian SEA1b,Vietnam
MW055228,0,0,1353,1353,2017,Asian SEA1b_C1,Asian SEA1b,Vietnam
MW055229,0,0,1353,1353,2018,Asian SEA1b_C1,Asian SEA1b,Vietnam
MW055230,0,0,1353,1353,2018,Asian SEA1b_C1,Asian SEA1b,Vietnam
MW055231,0,0,1353,1353,2018,Asian SEA1b_C1,Asian SEA1b,Vietnam
MW055232,0,0,1353,1353,2017,Asian SEA1b_C1,Asian SEA1b,Vietnam
MW055233,0,0,1353,1353,2017,Asian SEA1b_C1,Asian SEA1b,Vietnam
MW055234,0,0,1353,1353,2017,Asian SEA3_A1,Asian SEA3,Vietnam
MW690139,0,0,1353,1353,2015,Asian SEA3_A1,Asian SEA3,Malaysia
MW690140,0,0,1353,1353,2015,Asian SEA3_A1,Asian SEA3,Malaysia
MW690141,0,0,1353,1353,2016,Asian SEA3_A1,Asian SEA3,Malaysia
MW690142,0,0,1353,1353,2017,Asian SEA3_A1,Asian SEA3,Malaysia
MW690143,0,0,1353,1353,2017,Asian SEA1b_A1,Asian SEA1b,Malaysia
MW690144,0,0,1353,1353,2017,Asian SEA1b_A1,Asian SEA1b,Malaysia
MW690145,0,0,1353,1353,2017,Asian SEA1b_A1,Asian SEA1b,Malaysia
MW690146,0,0,1353,1353,2017,Asian SEA1b_A1,Asian SEA1b,Malaysia
MW690147,0,0,1353,1353,2017,Asian SEA1b_A1,Asian SEA1b,Malaysia
MW690148,0,0,1353,1353,2017,Asian SEA1b_A1,Asian SEA1b,Malaysia
MW690149,0,0,1353,1353,2018,Asian SEA1b_A1,Asian SEA1b,Malaysia
MW690150,0,0,1353,1353,2018,Asian SEA1b_A1,Asian SEA1b,Malaysia
MW690151,0,0,1353,1353,2018,Asian SEA1b_A1,Asian SEA1b,Malaysia
MW690152,0,0,1353,1353,2018,Asian SEA3_A1,Asian SEA3,Malaysia
MW690153,0,0,1353,1353,2018,Asian SEA1b_A1,Asian SEA1b,Malaysia
MW690154,0,0,1353,1353,2018,Asian SEA3_A1,Asian SEA3,Malaysia
MW690155,0,0,1353,1353,2018,Asian SEA3_A1,Asian SEA3,Malaysia
OK585051,0,10601,NA,1347,2022,Asian_A1.1,Asian SEA3,Thailand
U22653,0,3,1353,1350,1988,Asian SEA3_A1,Asian SEA3,-
AF374721,0,11005,1353,,2001,Indian-Sub_A1.1,NA,India
LC619707,0,562,11796,,2020,Asian SEA4_A1.2,NA,Japan
LC628899,0,640,11718,,2006,Asian SEA4_A1.1.2,NA,Japan
MH258839,0,11005,1353,,2014,Indian-Sub_A1.1,NA,India
MN784132,0,11005,1353,,2016,Asian SEA2a_A1.1,NA,China
MN784133,0,11005,1353,,2018,Asian SEA1b_C1,NA,China
MN784134,0,11005,1353,,2018,Asian SEA1b_A1.1.1,NA,China
MN784135,0,11005,1353,,2018,Asian SEA1b_A1.1.1,NA,China
MN784136,0,11005,1353,,2018,Asian SEA1b_A1.1.1,NA,China
MT918793,0,11005,1353,,2020,Asian SEA1b_B1,NA,China
MT918841,0,11005,1353,,2020,Asian SEA1b_A1.1.1,NA,China
MT918851,0,11005,1353,,2020,Asian SEA1b_A1.1.1,NA,China
MT918852,0,11005,1353,,2020,Asian SEA1b_A1.1.1,NA,China
MT918854,0,11005,1353,,2020,Asian SEA1b_A1.1.1,NA,China
MW039806,0,11020,1338,,2017,Asian SEA3_A1.1,NA,Thailand
MW922319,0,11005,1353,,2014,Asian SEA1b_C1,NA,Vietnam
OP515147,0,482,11876,,2016,Asian SEA3_D1,NA,Cambodia
OP515148,0,483,11875,,2016,Asian SEA3_C1.1,NA,Cambodia
OP515149,0,483,11875,,2016,Asian SEA3_A1.1,NA,Cambodia
OP515150,0,482,11876,,2016,Asian SEA3_D1.1,NA,Cambodia
OP515151,0,482,11876,,2016,Asian SEA3_D1.1,NA,Cambodia
OP515152,0,483,11875,,2016,Asian SEA3_A1.1,NA,Cambodia
OP515153,0,484,11874,,2016,Asian SEA3_A1.1.1,NA,Cambodia
OP515154,0,482,11876,,2016,Asian SEA3_D1.1,NA,Cambodia
OP515155,0,482,11876,,2016,Asian SEA3_D1.1,NA,Cambodia
OP515156,0,482,11876,,2016,Asian SEA3_D1,NA,Cambodia
OP515157,0,483,11875,,2016,Asian SEA3_A1.1,NA,Cambodia
OP515158,0,483,11875,,2016,Asian SEA3_A1.1.1,NA,Cambodia
OP515159,0,482,11876,,2016,Asian SEA3_A1.1.1,NA,Cambodia
OP515160,0,483,11875,,2016,Asian SEA3_C1.1,NA,Cambodia
OP515161,0,482,11876,,2016,Asian SEA3_D1,NA,Cambodia
OP515162,0,483,11875,,2016,Asian SEA3_A1.1.1,NA,Cambodia
OP515163,0,483,11875,,2016,Asian SEA3_C1.1,NA,Cambodia
OP515164,0,483,11875,,2016,Asian SEA3_D1.1,NA,Cambodia
OP515165,0,483,11875,,2016,Asian SEA3_C1.1,NA,Cambodia
OP515166,0,482,11876,,2016,Asian SEA3_D1.1,NA,Cambodia
OP515167,0,484,11874,,2016,Asian SEA3_A1.1.1,NA,Cambodia
OP515168,0,484,11874,,2016,Asian SEA3_A1.1.1,NA,Cambodia
OP515169,0,483,11875,,2016,Asian SEA3_D1.1,NA,Cambodia
OP515170,0,484,11874,,2016,Asian SEA3_A1.1.1,NA,Cambodia
OP515171,0,484,11874,,2016,Asian SEA3_A1.1.1,NA,Cambodia
OP515172,0,484,11874,,2016,Asian SEA3_A1.1.1,NA,Cambodia
OP515173,0,482,11876,,2016,Asian SEA3_D1.1,NA,Cambodia
OP515174,0,482,11876,,2016,Asian SEA3_D1.1,NA,Cambodia
OP515175,0,483,11875,,2016,Asian SEA3_A1.1.1,NA,Cambodia
OP515176,0,483,11875,,2016,Asian SEA3_A1.1.1,NA,Cambodia
OP515177,0,482,11876,,2016,Asian SEA3_D1.1,NA,Cambodia
OP515178,0,484,11874,,2017,Asian SEA3_A1.1.1,NA,Cambodia
OP515179,0,484,11874,,2017,Asian SEA3_A1.1.1,NA,Cambodia
OP515180,0,483,11875,,2017,Asian SEA3_C1.1,NA,Cambodia
OP515181,0,482,11876,,2017,Asian SEA3_A1.1.1,NA,Cambodia
OP515182,0,483,11875,,2017,Asian SEA3_C1.1,NA,Cambodia
OP515183,0,483,11875,,2017,Asian SEA3_A1.1.1,NA,Cambodia
OP515184,0,482,11876,,2017,Asian SEA3_D1,NA,Cambodia
OP515185,0,483,11875,,2017,Asian SEA3_A1.1.1,NA,Cambodia
OP515186,0,484,11874,,2017,Asian SEA3_A1.1.1,NA,Cambodia
OP515187,0,483,11875,,2017,Asian SEA3_A1.1,NA,Cambodia
OP515188,0,483,11875,,2017,Asian SEA3_A1.1,NA,Cambodia
OP515189,0,483,11875,,2017,Asian SEA3_A1.1.1,NA,Cambodia
OP515190,0,483,11875,,2017,Asian SEA3_C1.1,NA,Cambodia
OP515191,0,483,11875,,2017,Asian SEA3_C1.1,NA,Cambodia
OP515192,0,484,11874,,2017,Asian SEA3_A1.1.1,NA,Cambodia
OP515193,0,483,11875,,2017,Asian SEA3_A1.1.1,NA,Cambodia
OP515194,0,483,11875,,2017,Asian SEA3_A1.1,NA,Cambodia
OP515195,0,482,11876,,2017,Asian SEA3_D1.1,NA,Cambodia
OP515196,0,483,11875,,2017,Asian SEA3_C1.1,NA,Cambodia
OP515197,0,483,11875,,2017,Asian SEA3_A1.1.1,NA,Cambodia
OP515198,0,483,11875,,2017,Asian SEA3_D1.1,NA,Cambodia
OP515199,0,483,11875,,2017,Asian SEA3_A1.1.1,NA,Cambodia
OP515200,0,483,11875,,2017,Asian SEA3_A1.1.1,NA,Cambodia
OP515201,0,482,11876,,2017,Asian SEA3_A1.1.1,NA,Cambodia
OP515202,0,482,11876,,2017,Asian SEA3_D1,NA,Cambodia
OP515203,0,484,11874,,2017,Asian SEA3_A1.1.1,NA,Cambodia
OP515204,0,484,11874,,2017,Asian SEA3_A1.1.1,NA,Cambodia
OP515205,0,484,11874,,2017,Asian SEA3_A1.1.1,NA,Cambodia
OP515206,0,482,11876,,2017,Asian SEA3_D1,NA,Cambodia
OP515207,0,483,11875,,2017,Asian SEA3_C1.1,NA,Cambodia
OP515208,0,482,11876,,2017,Asian SEA3_D1.1,NA,Cambodia
OP515209,0,483,11875,,2017,Asian SEA3_A1.1,NA,Cambodia
OP515210,0,482,11876,,2012,Asian SEA3_A1.1.1,NA,Cambodia
OP515211,0,483,11875,,2012,Asian SEA3_A1.1,NA,Cambodia
OP515212,0,483,11875,,2012,Asian SEA3_C1.1,NA,Cambodia
OP515213,0,483,11875,,2012,Asian SEA3_C1.1,NA,Cambodia
OP515214,0,483,11875,,2012,Asian SEA3_A1.1.1,NA,Cambodia
OP515215,0,484,11874,,2012,Asian SEA3_A1.1,NA,Cambodia
OP515216,0,483,11875,,2012,Asian SEA3_C1.1.1,NA,Cambodia
OP515217,0,482,11876,,2012,Asian SEA3_D1,NA,Cambodia
OP515218,0,482,11876,,2012,Asian SEA3_A1.1.1,NA,Cambodia
OP515219,0,482,11876,,2012,Asian SEA3_D1,NA,Cambodia
OP515220,0,484,11874,,2012,Asian SEA3_A1.1.1,NA,Cambodia
OP515221,0,483,11875,,2012,Asian SEA3_C1.1,NA,Cambodia
OP515222,0,483,11875,,2012,Asian SEA3_C1.1,NA,Cambodia
OP515223,0,483,11875,,2012,Asian SEA3_A1.1,NA,Cambodia
OP515224,0,484,11874,,2012,Asian SEA3_A1.1.1,NA,Cambodia
OP515225,0,483,11875,,2012,Asian SEA3_A1.1,NA,Cambodia
OP515226,0,483,11875,,2012,Asian SEA3_A1.1,NA,Cambodia
OP515227,0,482,11876,,2012,Asian SEA3_A1.1.1,NA,Cambodia
OP515228,0,482,11876,,2012,Asian SEA3_D1,NA,Cambodia
OP515229,0,483,11875,,2012,Asian SEA3_A1.1.1,NA,Cambodia
OP515230,0,483,11875,,2012,Asian SEA3_A1.1.1,NA,Cambodia
OP515231,0,483,11875,,2012,Asian SEA3_C1.1,NA,Cambodia
OP515232,0,483,11875,,2012,Asian SEA3_A1.1,NA,Cambodia
OP515233,0,483,11875,,2012,Asian SEA3_A1.1.1,NA,Cambodia
OP515234,0,482,11876,,2012,Asian SEA3_A1.1.1,NA,Cambodia
OP515235,0,483,11875,,2012,Asian SEA3_A1.1,NA,Cambodia
OP515236,0,483,11875,,2012,Asian SEA3_C1.1,NA,Cambodia
OP515237,0,483,11875,,2012,Asian SEA3_C1.1.1,NA,Cambodia
OP515238,0,482,11876,,2012,Asian SEA3_A1.1.1,NA,Cambodia
OP515239,0,482,11876,,2012,Asian SEA3_D1,NA,Cambodia
OP515240,0,482,11876,,2012,Asian SEA3_A1.1.1,NA,Cambodia
OP515241,0,483,11875,,2012,Asian SEA3_C1.1,NA,Cambodia
OP515242,0,484,11874,,2012,Asian SEA3_A1.1.1,NA,Cambodia
OP515243,0,483,11875,,2012,Asian SEA3_C1.1,NA,Cambodia
OP515244,0,483,11875,,2012,Asian SEA3_A1.1,NA,Cambodia
OP515245,0,482,11876,,2013,Asian SEA3_A1.1.1,NA,Cambodia
OP515246,0,484,11874,,2013,Asian SEA3_A1.1.1,NA,Cambodia
OP515247,0,483,11875,,2013,Asian SEA3_C1.1.1,NA,Cambodia
OP515248,0,484,11874,,2013,Asian SEA3_C1.1.1,NA,Cambodia
OP515249,0,483,11875,,2013,Asian SEA3_C1.1,NA,Cambodia
OP515250,0,482,11876,,2013,Asian SEA3_A1.1.1,NA,Cambodia
OP515251,0,483,11875,,2013,Asian SEA3_A1.1.1,NA,Cambodia
OP515252,0,483,11875,,2013,Asian SEA3_A1.1,NA,Cambodia
OP515253,0,482,11876,,2013,Asian SEA3_D1,NA,Cambodia
OP515254,0,484,11874,,2013,Asian SEA3_A1.1.1,NA,Cambodia
OP515255,0,484,11874,,2013,Asian SEA3_A1.1.1,NA,Cambodia
OP515256,0,484,11874,,2013,Asian SEA3_A1.1.1,NA,Cambodia
OP515257,0,483,11875,,2013,Asian SEA3_C1.1,NA,Cambodia
OP515258,0,483,11875,,2013,Asian SEA3_C1.1,NA,Cambodia
OP515259,0,483,11875,,2013,Asian SEA3_D1.1,NA,Cambodia
OP515260,0,483,11875,,2013,Asian SEA3_A1.1.1,NA,Cambodia
OP515261,0,484,11874,,2013,Asian SEA3_A1.1.1,NA,Cambodia
OP515262,0,482,11876,,2013,Asian SEA3_A1.1,NA,Cambodia
OP515263,0,483,11875,,2013,Asian SEA3_A1.1,NA,Cambodia
OP515264,0,483,11875,,2013,Asian SEA3_A1.1.1,NA,Cambodia
OP515265,0,484,11874,,2013,Asian SEA3_A1.1.1,NA,Cambodia
OP515266,0,482,11876,,2013,Asian SEA3_D1,NA,Cambodia
OP515267,0,483,11875,,2013,Asian SEA3_C1.1,NA,Cambodia
OP515268,0,483,11875,,2013,Asian SEA3_A1.1.1,NA,Cambodia
OP515269,0,482,11876,,2013,Asian SEA3_A1.1.1,NA,Cambodia
OP515270,0,483,11875,,2013,Asian SEA3_C1.1,NA,Cambodia
OP515271,0,484,11874,,2013,Asian SEA3_A1.1.1,NA,Cambodia
OP515272,0,484,11874,,2013,Asian SEA3_A1.1.1,NA,Cambodia
OP515273,0,484,11874,,2013,Asian SEA3_A1.1.1,NA,Cambodia
OP515274,0,483,11875,,2013,Asian SEA3_A1.1.1,NA,Cambodia
OP515275,0,484,11874,,2013,Asian SEA3_A1.1.1,NA,Cambodia
OP515276,0,482,11876,,2013,Asian SEA3_A1.1.1,NA,Cambodia
OP515277,0,483,11875,,2013,Asian SEA3_A1.1.1,NA,Cambodia
OP515278,0,484,11874,,2013,Asian SEA3_A1.1.1,NA,Cambodia
OP515279,0,483,11875,,2013,Asian SEA3_A1.1.1,NA,Cambodia
OP515280,0,483,11875,,2014,Asian SEA3_C1.1,NA,Cambodia
OP515281,0,483,11875,,2014,Asian SEA3_C1.1.1,NA,Cambodia
OP515282,0,483,11875,,2014,Asian SEA3_A1.1.1,NA,Cambodia
OP515283,0,482,11876,,2014,Asian SEA3_D1,NA,Cambodia
OP515284,0,483,11875,,2014,Asian SEA3_C1.1,NA,Cambodia
OP515285,0,483,11875,,2014,Asian SEA3_C1.1,NA,Cambodia
OP515286,0,483,11875,,2014,Asian SEA3_A1.1.1,NA,Cambodia
OP515287,0,483,11875,,2014,Asian SEA3_C1.1.1,NA,Cambodia
OP515288,0,483,11875,,2014,Asian SEA3_C1.1.1,NA,Cambodia
OP515289,0,482,11876,,2014,Asian SEA3_A1.1.1,NA,Cambodia
OP515290,0,482,11876,,2014,Asian SEA3_D1,NA,Cambodia
OP515291,0,484,11874,,2014,Asian SEA3_A1.1.1,NA,Cambodia
OP515292,0,483,11875,,2014,Asian SEA3_A1.1.1,NA,Cambodia
OP515293,0,483,11875,,2014,Asian SEA3_C1.1,NA,Cambodia
OP515294,0,482,11876,,2014,Asian SEA3_D1,NA,Cambodia
OP515295,0,482,11876,,2014,Asian SEA3_A1.1.1,NA,Cambodia
OP515296,0,482,11876,,2014,Asian SEA3_A1.1,NA,Cambodia
OP515297,0,483,11875,,2014,Asian SEA3_A1.1.1,NA,Cambodia
OP515298,0,484,11874,,2014,Asian SEA3_A1.1.1,NA,Cambodia
OP515299,0,482,11876,,2014,Asian SEA3_D1,NA,Cambodia
OP515300,0,484,11874,,2014,Asian SEA3_A1.1.1,NA,Cambodia
OP515301,0,483,11875,,2014,Asian SEA3_A1.1.1,NA,Cambodia
OP515302,0,484,11874,,2014,Asian SEA3_A1.1.1,NA,Cambodia
OP515303,0,483,11875,,2014,Asian SEA3_A1.1,NA,Cambodia
OP515304,0,483,11875,,2014,Asian SEA3_A1.1,NA,Cambodia
OP515305,0,484,11874,,2014,Asian SEA3_A1.1.1,NA,Cambodia
OP515306,0,484,11874,,2014,Asian SEA3_A1.1.1,NA,Cambodia
OP515307,0,484,11874,,2014,Asian SEA3_A1.1.1,NA,Cambodia
OP515308,0,483,11875,,2014,Asian SEA3_A1.1.1,NA,Cambodia
OP515309,0,484,11874,,2014,Asian SEA3_A1.1.1,NA,Cambodia
OP515310,0,484,11874,,2014,Asian SEA3_A1.1.1,NA,Cambodia
OP515311,0,484,11874,,2014,Asian SEA3_A1.1.1,NA,Cambodia
OP515312,0,484,11874,,2015,Asian SEA3_A1.1.1,NA,Cambodia
OP515313,0,483,11875,,2015,Asian SEA3_A1.1.1,NA,Cambodia
OP515314,0,483,11875,,2015,Asian SEA3_A1.1.1,NA,Cambodia
OP515315,0,483,11875,,2015,Asian SEA3_C1.1.1,NA,Cambodia
OP515316,0,483,11875,,2015,Asian SEA3_A1.1.1,NA,Cambodia
OP515317,0,483,11875,,2015,Asian SEA3_A1.1,NA,Cambodia
OP515318,0,483,11875,,2015,Asian SEA3_D1.1,NA,Cambodia
OP515319,0,483,11875,,2015,Asian SEA3_C1.1,NA,Cambodia
OP515320,0,483,11875,,2015,Asian SEA3_A1.1.1,NA,Cambodia
OP515321,0,483,11875,,2015,Asian SEA3_A1.1.1,NA,Cambodia
OP515322,0,483,11875,,2015,Asian SEA3_A1.1,NA,Cambodia
OP515323,0,484,11874,,2015,Asian SEA3_C1.1,NA,Cambodia
OP515324,0,483,11875,,2015,Asian SEA3_A1.1,NA,Cambodia
OP515325,0,484,11874,,2015,Asian SEA3_A1.1.1,NA,Cambodia
OP515326,0,484,11874,,2015,Asian SEA3_A1.1.1,NA,Cambodia
OP515327,0,483,11875,,2015,Asian SEA3_A1.1.1,NA,Cambodia
OP515328,0,482,11876,,2015,Asian SEA3_D1,NA,Cambodia
OP515329,0,482,11876,,2015,Asian SEA3_D1.1,NA,Cambodia
OP515330,0,484,11874,,2015,Asian SEA3_A1.1.1,NA,Cambodia
OP515331,0,483,11875,,2015,Asian SEA3_A1.1.1,NA,Cambodia
OP515332,0,484,11874,,2015,Asian SEA3_A1.1.1,NA,Cambodia
OP515333,0,483,11875,,2015,Asian SEA3_A1.1.1,NA,Cambodia
OP515334,0,484,11874,,2015,Asian SEA3_A1.1.1,NA,Cambodia
OP515335,0,483,11875,,2015,Asian SEA3_A1.1.1,NA,Cambodia
OP515336,0,482,11876,,2015,Asian SEA3_D1,NA,Cambodia
OP515337,0,483,11875,,2015,Asian SEA3_C1.1,NA,Cambodia
OP515338,0,483,11875,,2015,Asian SEA3_A1.1.1,NA,Cambodia
OP515339,0,483,11875,,2015,Asian SEA3_C1.1.1,NA,Cambodia
OP515340,0,483,11875,,2015,Asian SEA3_A1.1.1,NA,Cambodia
OP515341,0,482,11876,,2015,Asian SEA3_A1.1,NA,Cambodia
OP515342,0,483,11875,,2015,Asian SEA3_C1.1,NA,Cambodia
OP515343,0,483,11875,,2015,Asian SEA3_A1.1,NA,Cambodia
OP515344,0,484,11874,,2015,Asian SEA3_A1.1.1,NA,Cambodia
OP515345,0,482,11876,,2015,Asian SEA3_A1.1.1,NA,Cambodia
OQ473645,0,443,11915,,2021,Asian SEA5_A1.3,NA,Taiwan
OQ694400,0,11005,1353,,2020,Asian SEA1b_A1.1.1,NA,China
OQ694401,0,11005,1353,,2020,Asian SEA1b_A1.1.1,NA,China
OQ694402,0,11005,1353,,2020,Asian SEA1b_A1.1.1,NA,China
OQ694403,0,11005,1353,,2020,Asian SEA1b_A1.1.1,NA,China
OQ694404,0,11005,1353,,2020,Asian SEA1b_A1.1.1,NA,China
OQ694405,0,11005,1353,,2021,Asian SEA1b_A1.1.1,NA,China
OQ694406,0,11005,1353,,2021,Asian SEA1b_A1.1.1,NA,China
OQ694407,0,11005,1353,,2021,Asian SEA1b_A1.1.1,NA,China
OQ694408,0,11005,1353,,2021,Asian SEA1b_A1.1.1,NA,China
OQ694409,0,11005,1353,,2022,Asian SEA1b_A1.1.1,NA,China
OQ828526,0,11005,1353,,2015,Asian SEA1b_A1.1.1,NA,China
OQ828527,0,11005,1353,,2015,Asian SEA1b_A1.1.1,NA,China
OQ828528,0,11005,1353,,2018,Asian SEA1b_A1.1.1,NA,China
OQ828529,0,11005,1353,,2017,Asian SEA1b_A1.1.1,NA,China
OQ828530,0,11005,1353,,2014,Asian SEA1b_A1.1.1,NA,China
OQ828531,0,11005,1353,,2015,Asian SEA1b_A1.1.1,NA,China
OQ828532,0,11005,1353,,2015,Asian SEA1b_A1.1.1,NA,China
OQ828533,0,11005,1353,,2015,Asian SEA1b_A1.1.1,NA,China
OQ828534,0,11005,1353,,2015,Asian SEA1b_A1.1.1,NA,China
OQ828535,0,11005,1353,,2015,Asian SEA1b_A1.1.1,NA,China
OQ828536,0,11005,1353,,2015,Asian SEA1b_A1.1.1,NA,China
OQ828537,0,11005,1353,,2016,Asian SEA1b_A1.1.1,NA,China
OQ828538,0,11005,1353,,2016,Asian SEA1b_A1.1.1,NA,China
OQ828539,0,11005,1353,,2017,Asian SEA1b_A1.1.1,NA,China
OQ828540,0,11005,1353,,2018,Asian SEA1b_A1.1.1,NA,China
OQ828541,0,11005,1353,,2015,Asian SEA1b_A1.1.1,NA,China
OQ828542,0,11005,1353,,2018,Asian SEA1b_A1.1.1,NA,China
OQ828543,0,11005,1353,,2018,Asian SEA1b_A1.1.1,NA,China
OQ828544,0,11005,1353,,2018,Asian SEA1b_A1.1.1,NA,China
OQ828545,0,11005,1353,,2016,Asian SEA1b_A1.1.1,NA,China
OQ828546,0,11005,1353,,2017,Asian SEA1b_A1.1.1,NA,China
OQ828547,0,11005,1353,,2017,Asian SEA1b_A1.1.1,NA,China
OQ828548,0,11005,1353,,2017,Asian SEA1b_A1.1.1,NA,China
OQ828549,0,11005,1353,,2017,Asian SEA1b_A1.1.1,NA,China
OQ828550,0,11005,1353,,2017,Asian SEA1b_A1.1.1,NA,China
OQ828551,0,11005,1353,,2015,Asian SEA1b_A1.1.1,NA,China
OQ828552,0,11005,1353,,2015,Asian SEA1b_A1.1.1,NA,China
OQ828553,0,11005,1353,,2016,Asian SEA1b_A1.1.1,NA,China
OQ828554,0,11005,1353,,2016,Asian SEA1b_A1.1.1,NA,China
OQ828555,0,11005,1353,,2016,Asian SEA1b_A1.1.1,NA,China
OQ828556,0,11005,1353,,2016,Asian SEA1b_A1.1.1,NA,China
OQ828557,0,11005,1353,,2017,Asian SEA1b_A1.1.1,NA,China
OQ828558,0,11005,1353,,2017,Asian SEA1b_A1.1.1,NA,China
OQ828559,0,11005,1353,,2017,Asian SEA1b_A1.1.1,NA,China
OQ828560,0,11005,1353,,2017,Asian SEA1b_A1.1.1,NA,China
OQ828561,0,11005,1353,,2017,Asian SEA1b_A1.1.1,NA,China
OQ828562,0,11005,1353,,2017,Asian SEA1b_A1.1.1,NA,China
OQ828563,0,11005,1353,,2017,Asian SEA1b_A1.1.1,NA,China
OQ828564,0,11005,1353,,2017,Asian SEA1b_A1.1.1,NA,China
OQ828565,0,11005,1353,,2018,Asian SEA1b_A1.1.1,NA,China
OQ828566,0,11005,1353,,2018,Asian SEA1b_A1.1.1,NA,China
OQ828567,0,11005,1353,,2018,Asian SEA1b_A1.1.1,NA,China
OQ828568,0,11005,1353,,2015,Asian SEA1b_A1.1.1,NA,China
OQ828569,0,11005,1353,,2016,Asian SEA1b_A1.1.1,NA,China
OQ828570,0,11005,1353,,2016,Asian SEA1b_A1.1.1,NA,China
OQ828571,0,11005,1353,,2016,Asian SEA1b_A1.1.1,NA,China
OQ828572,0,11005,1353,,2017,Asian SEA1b_A1.1.1,NA,China
OQ828573,0,11005,1353,,2017,Asian SEA1b_A1.1.1,NA,China
OQ828574,0,11005,1353,,2017,Asian SEA1b_A1.1.1,NA,China
OQ828575,0,11005,1353,,2017,Asian SEA1b_A1.1.1,NA,China
OQ828576,0,11005,1353,,2018,Asian SEA1b_A1.1.1,NA,China
OQ828577,0,11005,1353,,2016,Asian SEA1b_A1.1.1,NA,China
OQ828578,0,11005,1353,,2018,Asian SEA1b_A1.1.1,NA,China
OQ828579,0,11005,1353,,2016,Asian SEA1b_A1.1.1,NA,China
OQ828580,0,11005,1353,,2018,Asian SEA1b_A1.1.1,NA,China
OQ828581,0,11005,1353,,2017,Asian SEA1b_A1.1.1,NA,China
OQ828582,0,11005,1353,,2017,Asian SEA1b_A1.1.1,NA,China
OQ828583,0,11005,1353,,2017,Asian SEA1b_A1.1.1,NA,China
OQ828584,0,11005,1353,,2018,Asian SEA1b_A1.1.1,NA,China
OQ828585,0,11005,1353,,2018,Asian SEA1b_A1.1.1,NA,China
OQ828586,0,11005,1353,,2018,Asian SEA1b_A1.1.1,NA,China
OQ828587,0,11005,1353,,2015,Asian SEA1b_A1.1.1,NA,China
OQ828588,0,11005,1353,,2015,Asian SEA1b_A1.1.1,NA,China
OQ828589,0,11005,1353,,2016,Asian SEA1b_A1.1.1,NA,China
OQ828590,0,11005,1353,,2016,Asian SEA1b_A1.1.1,NA,China
OQ828591,0,11005,1353,,2017,Asian SEA1b_A1.1.1,NA,China
OQ828592,0,11005,1353,,2017,Asian SEA1b_A1.1.1,NA,China
OQ828593,0,11005,1353,,2018,Asian SEA1b_A1.1.1,NA,China
OQ828594,0,11005,1353,,2014,Asian SEA1b_A1.1.1,NA,China
OQ828595,0,11005,1353,,2016,Asian SEA1b_A1.1.1,NA,China
OQ828596,0,11005,1353,,2016,Asian SEA1b_A1.1.1,NA,China
OQ828597,0,11005,1353,,2016,Asian SEA1b_A1.1.1,NA,China
OQ828598,0,11005,1353,,2016,Asian SEA1b_A1.1.1,NA,China
OQ828599,0,11005,1353,,2017,Asian SEA1b_A1.1.1,NA,China
OQ828600,0,11005,1353,,2018,Asian SEA1b_A1.1.2,NA,China
OQ828601,0,11005,1353,,2018,Asian SEA1b_A1.1.1,NA,China
OQ828602,0,11005,1353,,2018,Asian SEA1b_A1.1.1,NA,China
OR400520,0,561,11797,,2023,Asian SEA1b_C1,NA,China
OR734363,0,11005,1353,,2018,Asian SEA1b_A1.1.1,NA,China
OR734364,0,11005,1353,,2018,Asian SEA1b_A1.1.1,NA,China
OR734365,0,11005,1353,,2018,Asian SEA1b_A1.1.1,NA,China
OR734366,0,11005,1353,,2018,Asian SEA1b_A1.1.1,NA,China
OR734367,0,11005,1353,,2018,Asian SEA1b_A1.1,NA,China
OR734368,0,11005,1353,,2018,Asian SEA1b_A1.1.1,NA,China
OR734369,0,11005,1353,,2018,Asian SEA1b_A1.1.1,NA,China
OR734370,0,11005,1353,,2018,Asian SEA1b_A1.1,NA,China
OR734371,0,11005,1353,,2018,Asian SEA1b_A1.1.1,NA,China
OR734372,0,11005,1353,,2019,Asian SEA1b_A1.1.1,NA,China
OR734373,0,11005,1353,,2019,Asian SEA1b_A1.1.1,NA,China
OR734374,0,11005,1353,,2019,Asian SEA1b_A1.1.1,NA,China
OR734375,0,11005,1353,,2019,Asian SEA1b_A1.1.1,NA,China
OR734376,0,11005,1353,,2019,Asian SEA1b_A1.1.1,NA,China
OR734377,0,11005,1353,,2019,Asian SEA1b_A1.1.1,NA,China
OR734378,0,11005,1353,,2019,Asian SEA1b_A1.1.1,NA,China
OR734379,0,11005,1353,,2019,Asian SEA1b_A1.1.1,NA,China
OR734380,0,11005,1353,,2019,Asian SEA1b_A1.1.1,NA,China
OR734381,0,11005,1353,,2020,Asian SEA1b_A1.1.1,NA,China
OR734382,0,11005,1353,,2020,Asian SEA1b_A1.1.1,NA,China
OR734383,0,11005,1353,,2020,Asian SEA1b_A1.1.1,NA,China
OR734384,0,11005,1353,,2020,Asian SEA1b_A1.1.1,NA,China
OR734385,0,11005,1353,,2020,Asian SEA1b_A1,NA,China
OR734386,0,11005,1353,,2020,Asian SEA1b_A1.1.1,NA,China
OR734387,0,11005,1353,,2020,Asian SEA1b_A1.1.1,NA,China
OR734388,0,11005,1353,,2020,Asian SEA1b_A1.1.1,NA,China
OR734389,0,11005,1353,,2020,Asian SEA1b_A1.1.1,NA,China
OR734390,0,11005,1353,,2020,Asian SEA1b_A1.1.1,NA,China
OR734391,0,11005,1353,,2020,Asian SEA1b_A1.1.1,NA,China
OR734392,0,11005,1353,,2021,Asian SEA1b_A1.1.1,NA,China
OR734393,0,11005,1353,,2021,Asian SEA1b_A1.1,NA,China
OR734394,0,11005,1353,,2021,Asian SEA1b_A1.1.1,NA,China
OR734395,0,11005,1353,,2023,Asian SEA1b_A1.1.1,NA,China
OR734396,0,11005,1353,,2023,Asian SEA1b_B1,NA,China
OR734397,0,11005,1353,,2023,Asian SEA1b_A1.1.1,NA,China
OR734398,0,11005,1353,,2023,Asian SEA1b_A1.1,NA,China
OV696602,0,451,11907,,2022,Asian SEA5_A1.3,NA,-
PP397166,0,561,11797,,2020,Asian SEA1b_A1.1,NA,China
PP498792,0,439,11919,,2001,Asian SEA3_A1.1.1,NA,Thailand